id,attribute,atrribute_value,
1,title,Abdelmoumene Djabou,
2,title,Abel Aguilar,
3,title,Abel Hernández,
4,title,Adam Kwarasey,
5,title,Adam Lallana,
6,title,Adam Taggart,
7,title,Admir Mehmedi,
8,title,Adnan Januzaj,
9,title,Adrián Bone,
10,title,Adrián Ramos,
11,title,Afriyie Acquah,
12,title,Agustín Orión,
13,title,Ahmad Alenemeh,
14,title,Ahmed Musa,
15,title,Aïssa Mandi,
16,title,Alan Dzagoev,
17,title,Alan Pulido,
18,title,Albert Adomah,
19,title,Alberto Aquilani,
20,title,Alejandro Bedoya,
21,title,Aleksandr Kerzhakov,
22,title,Aleksandr Kokorin,
23,title,Aleksandr Samedov,
24,title,Aleksei Ionov,
25,title,Aleksei Kozlov,
26,title,Alessio Cerci,
27,title,Alex Oxlade-Chamberlain,
28,title,Alex Song,
29,title,Alex Wilkinson,
30,title,Alexander Domínguez,
31,title,Alexander Mejía,
32,title,Alexandros Tziolis,
33,title,Alexis Sánchez,
34,title,Alfredo Talavera,
35,title,Alireza Haghighi,
36,title,Alireza Jahanbakhsh,
37,title,Allan Nyom,
38,title,Álvaro González,
39,title,Álvaro Pereira,
40,title,Amir Hossein Sadeghi,
41,title,Andranik Teymourian,
42,title,André Almeida,
43,title,André Ayew,
44,title,André Schürrle,
45,title,Andrea Barzagli,
46,title,Andrea Pirlo,
47,title,Andreas Samaris,
48,title,Andrei Semyonov,
49,title,Andrés Guardado,
50,title,Andrés Iniesta,
51,title,Andrey Yeshchenko,
52,title,Andy Najar,
53,title,Anel Hadžic,
54,title,Ángel di María,
55,title,Ante Rebic,
56,title,Anthony Vanden Borre,
57,title,Antoine Griezmann,
58,title,Antonio Candreva,
59,title,Antonio Cassano,
60,title,Antonio Valencia (c),
61,title,Arjen Robben,
62,title,Aron Jóhannsson,
63,title,Arthur Boka,
64,title,Arturo Vidal,
65,title,Asamoah Gyan (c),
66,title,Ashkan Dejagah,
67,title,Asmir Avdukic,
68,title,Asmir Begovic,
69,title,Atsuto Uchida,
70,title,Augusto Fernández,
71,title,Aurélien Chedjou,
72,title,Austin Ejide,
73,title,Avdija Vršajevic,
74,title,Axel Witsel,
75,title,Azubuike Egwuekwe,
76,title,Bacary Sagna,
77,title,Bailey Wright,
78,title,Bakhtiar Rahmani,
79,title,Bastian Schweinsteiger,
80,title,Ben Foster,
81,title,Ben Halloran,
82,title,Benedikt Höwedes,
83,title,Benjamin Moukandjo,
84,title,Benoît Assou-Ekotto,
85,title,Bernard,
86,title,Beto,
87,title,Blaise Matuidi,
88,title,Blerim Džemaili,
89,title,Boubacar Barry,
90,title,Brad Davis,
91,title,Brad Guzan,
92,title,Brayan Beckeles,
93,title,Bruno Alves,
94,title,Bruno Martins Indi,
95,title,Bryan Ruiz (c),
96,title,Camilo Vargas,
97,title,Carl Medjani,
98,title,Carlo Costly,
99,title,Carlos Bacca,
100,title,Carlos Carbonero,
101,title,Carlos Carmona,
102,title,Carlos Gruezo,
103,title,Carlos Peña,
104,title,Carlos Salcido,
105,title,Carlos Sánchez,
106,title,Carlos Valdés,
107,title,Cédric Djeugoué,
108,title,Cédric Si Mohamed,
109,title,Celso Borges,
110,title,César Azpilicueta,
111,title,Cesc Fàbregas,
112,title,Charles Aránguiz,
113,title,Charles Itandje,
114,title,Cheick Tioté,
115,title,Chigozie Agbim,
116,title,Chris Smalling,
117,title,Chris Wondolowski,
118,title,Christian Atsu,
119,title,Christian Bolaños,
120,title,Christian Noboa,
121,title,Christian Stuani,
122,title,Christoph Kramer,
123,title,Ciro Immobile,
124,title,Claudio Bravo (c),
125,title,Claudio Marchisio,
126,title,Clint Dempsey (c),
127,title,Constant Djakpa,
128,title,Cristian Gamboa,
129,title,Cristian Rodríguez,
130,title,Cristián Zapata,
131,title,Cristiano Ronaldo (c),
132,title,Cristopher Toselli,
133,title,Daley Blind,
134,title,DaMarcus Beasley,
135,title,Dani Alves,
136,title,Daniel Cambronero,
137,title,Daniel Davari,
138,title,Daniel Opare,
139,title,Daniel Sturridge,
140,title,Daniel Van Buyten,
141,title,Daniele De Rossi,
142,title,Danijel Pranjic,
143,title,Danijel Subašic,
144,title,Danny Welbeck,
145,title,Dante,
146,title,Dany Nounkeu,
147,title,Darijo Srna (c),
148,title,Dario Vidošic,
149,title,Daryl Janmaat,
150,title,David de Gea,
151,title,David Luiz,
152,title,David Myrie,
153,title,David Ospina,
154,title,David Silva,
155,title,David Villa,
156,title,DeAndre Yedlin,
157,title,Dejan Lovren,
158,title,Denis Glushakov,
159,title,Didier Drogba (c),
160,title,Didier Ya Konan,
161,title,Didier Zokora,
162,title,Diego Benaglio,
163,title,Diego Calvo,
164,title,Diego Costa,
165,title,Diego Forlán,
166,title,Diego Godín,
167,title,Diego Lugano (c),
168,title,Diego Pérez,
169,title,Diego Reyes,
170,title,Dimitris Salpingidis,
171,title,Dirk Kuyt,
172,title,Divock Origi,
173,title,Djamel Mesbah,
174,title,Dmitri Kombarov,
175,title,Domagoj Vida,
176,title,Donis Escober,
177,title,Dries Mertens,
178,title,Edder Delgado,
179,title,Eden Hazard,
180,title,Éder,
181,title,Éder Álvarez Balanta,
182,title,Edgar Salli,
183,title,Edin Džeko,
184,title,Edin Višca,
185,title,Edinson Cavani,
186,title,Édison Méndez,
187,title,Eduardo da Silva,
188,title,Eduardo dos Reis Carvalho,
189,title,Eduardo Vargas,
190,title,Efe Ambrose,
191,title,Egidio Arévalo Ríos,
192,title,Ehsan Hajsafi,
193,title,Eiji Kawashima,
194,title,Ejike Uzoenyi,
195,title,El Arbi Hillel Soudani,
196,title,Eliaquim Mangala,
197,title,Emilio Izaguirre,
198,title,Emir Spahic (c),
199,title,Emmanuel Agyemang-Badu,
200,title,Emmanuel Emenike,
201,title,Enner Valencia,
202,title,Enzo Pérez,
203,title,Erik Durm,
204,title,Ermin Bicakcic,
205,title,Essaïd Belkalem,
206,title,Esteban Granados,
207,title,Esteban Paredes,
208,title,Eugene Galekovic,
209,title,Eugenio Mena,
210,title,Eyong Enoh,
211,title,Ezequiel Garay,
212,title,Ezequiel Lavezzi,
213,title,Fabian Johnson,
214,title,Fabián Orellana,
215,title,Fabian Schär,
216,title,Fábio Coentrão,
217,title,Fabrice Olinga,
218,title,Faouzi Ghoulam,
219,title,Faryd Mondragón,
220,title,Fatau Dauda,
221,title,Federico Fernández,
222,title,Felipe Caicedo,
223,title,Felipe Gutiérrez,
224,title,Fernandinho,
225,title,Fernando Gago,
226,title,Fernando Muslera,
227,title,Fernando Torres,
228,title,Fidel Martínez,
229,title,Francisco Javier Rodríguez,
230,title,Francisco Silva,
231,title,Frank Lampard,
232,title,Fraser Forster,
233,title,Fred,
234,title,Fredy Guarín,
235,title,Frickson Erazo,
236,title,Gabriel Achilier,
237,title,Gabriel Paletta,
238,title,Gary Cahill,
239,title,Gary Medel,
240,title,Gastón Ramírez,
241,title,Gelson Fernandes,
242,title,Geoff Cameron,
243,title,Georgi Shchennikov,
244,title,Georginio Wijnaldum,
245,title,Gerard Piqué,
246,title,Gervinho,
247,title,Ghasem Haddadifar,
248,title,Giancarlo González,
249,title,Gianluigi Buffon (c),
250,title,Giannis Fetfatzidis,
251,title,Giannis Maniatis,
252,title,Giorgio Chiellini,
253,title,Giorgos Karagounis (c),
254,title,Giorgos Samaras,
255,title,Giorgos Tzavellas,
256,title,Giovani dos Santos,
257,title,Giovanni Sio,
258,title,Glen Johnson,
259,title,Godfrey Oboabona,
260,title,Gökhan Inler (c),
261,title,Gonzalo Higuaín,
262,title,Gonzalo Jara,
263,title,Gordon Schildenfeld,
264,title,Gotoku Sakai,
265,title,Graham Zusi,
266,title,Granit Xhaka,
267,title,Guillermo Ochoa,
268,title,Ha Dae-sung,
269,title,Han Kook-young,
270,title,Haris Medunjanin,
271,title,Haris Seferovic,
272,title,Harrison Afful,
273,title,Hashem Beikzadeh,
274,title,Hassan Yebda,
275,title,Héctor Herrera,
276,title,Héctor Moreno,
277,title,Hélder Postiga,
278,title,Henri Bedimo,
279,title,Henrique,
280,title,Hernanes,
281,title,Hiroki Sakai,
282,title,Hiroshi Kiyotake,
283,title,Hong Jeong-ho,
284,title,Hossein Mahini,
285,title,Hotaru Yamaguchi,
286,title,Hugo Almeida,
287,title,Hugo Campagnaro,
288,title,Hugo Lloris (c),
289,title,Hulk,
290,title,Hwang Seok-ho,
291,title,Ignazio Abate,
292,title,Igor Akinfeev,
293,title,Igor Denisov,
294,title,Iker Casillas (c),
295,title,Isaác Brizuela,
296,title,Islam Slimani,
297,title,Ismaël Diomandé,
298,title,Ivan Franjic,
299,title,Ivan Perišic,
300,title,Ivan Rakitic,
301,title,Ivica Olic,
302,title,Izet Hajrovic,
303,title,Jack Wilshere,
304,title,Jackson Martínez,
305,title,Jaime Ayoví,
306,title,Jalal Hosseini,
307,title,James Holland,
308,title,James Milner,
309,title,James Rodríguez,
310,title,James Troisi,
311,title,Jan Vertonghen,
312,title,Jasmin Fejzic,
313,title,Jason Davidson,
314,title,Jasper Cillessen,
315,title,Javad Nekounam (c),
316,title,Javi Martínez,
317,title,Javier Aquino,
318,title,Javier Hernández,
319,title,Javier Mascherano,
320,title,Jean Beausejour,
321,title,Jean Makoun,
322,title,Jean-Daniel Akpa-Akpro,
323,title,Jefferson,
324,title,Jefferson Montero,
325,title,Jeremain Lens,
326,title,Jermaine Jones,
327,title,Jérôme Boateng,
328,title,Jerry Bengtson,
329,title,Jerry Palacios,
330,title,Ji Dong-won,
331,title,Jô,
332,title,João Moutinho,
333,title,João Pereira,
334,title,Joao Rojas,
335,title,Joe Hart,
336,title,Joel Campbell,
337,title,Joël Matip,
338,title,Joël Veltman,
339,title,Johan Djourou,
340,title,John Boye,
341,title,John Brooks,
342,title,John Obi Mikel,
343,title,Johnny Acosta,
344,title,Johnny Herrera,
345,title,Jonathan de Guzmán,
346,title,Jonathan Mensah,
347,title,Jordan Ayew,
348,title,Jordan Henderson,
349,title,Jordi Alba,
350,title,Jordy Clasie,
351,title,Jorge Claros,
352,title,Jorge Fucile,
353,title,Jorge Guagua,
354,title,Jorge Valdivia,
355,title,José de Jesús Corona,
356,title,José Holebas,
357,title,José Juan Vázquez,
358,title,José María Basanta,
359,title,José María Giménez,
360,title,José Miguel Cubero,
361,title,José Pedro Fuenzalida,
362,title,José Rojas,
363,title,Joseph Yobo (c),
364,title,Josip Drmic,
365,title,Jozy Altidore,
366,title,Juan Camilo Zúñiga,
367,title,Juan Carlos García,
368,title,Juan Carlos Paredes,
369,title,Juan Fernando Quintero,
370,title,Juan Guillermo Cuadrado,
371,title,Juan Mata,
372,title,Juan Pablo Montes,
373,title,Juanfran,
374,title,Julian Draxler,
375,title,Julian Green,
376,title,Júlio César,
377,title,Jung Sung-ryong,
378,title,Júnior Díaz,
379,title,Juwon Oshaniwa,
380,title,Karim Ansarifard,
381,title,Karim Benzema,
382,title,Keisuke Honda,
383,title,Kenneth Omeruo,
384,title,Kevin De Bruyne,
385,title,Kevin Großkreutz,
386,title,Kevin Mirallas,
387,title,Kevin-Prince Boateng,
388,title,Keylor Navas,
389,title,Khosro Heydari,
390,title,Ki Sung-yueng,
391,title,Kim Bo-kyung,
392,title,Kim Chang-soo,
393,title,Kim Seung-gyu,
394,title,Kim Shin-wook,
395,title,Kim Young-gwon,
396,title,Klaas-Jan Huntelaar,
397,title,Koke,
398,title,Kolo Touré,
399,title,Koo Ja-cheol (c),
400,title,Kostas Katsouranis,
401,title,Kostas Manolas,
402,title,Kostas Mitroglou,
403,title,Kunle Odunlami,
404,title,Kwadwo Asamoah,
405,title,Kwak Tae-hwi,
406,title,Kyle Beckerman,
407,title,Landry N Guémo,
408,title,Laurent Ciman,
409,title,Laurent Koscielny,
410,title,Lazaros Christodoulopoulos,
411,title,Lee Bum-young,
412,title,Lee Chung-yong,
413,title,Lee Keun-ho,
414,title,Lee Yong,
415,title,Leighton Baines,
416,title,Leonardo Bonucci,
417,title,Leroy Fer,
418,title,Liassine Cadamuro-Bentaïba,
419,title,Lionel Messi (c),
420,title,Loïc Feudjou,
421,title,Loïc Rémy,
422,title,Lorenzo Insigne,
423,title,Loukas Vyntra,
424,title,Lucas Biglia,
425,title,Lucas Digne,
426,title,Luis Garrido,
427,title,Luis López,
428,title,Luís Neto,
429,title,Luis Saritama,
430,title,Luis Suárez,
431,title,Luiz Gustavo,
432,title,Luka Modric,
433,title,Lukas Podolski,
434,title,Luke Shaw,
435,title,Madjid Bougherra (c),
436,title,Maicon,
437,title,Majeed Waris,
438,title,Makoto Hasebe (c),
439,title,Maksim Kanunnikov,
440,title,Mamadou Sakho,
441,title,Manabu Saito,
442,title,Manuel Neuer,
443,title,Marcelo,
444,title,Marcelo Brozovic,
445,title,Marcelo Díaz,
446,title,Marco Fabián,
447,title,Marco Parolo,
448,title,Marco Ureña,
449,title,Marco Verratti,
450,title,Marcos Rojo,
451,title,Mariano Andújar,
452,title,Mario Balotelli,
453,title,Mario Gavranovic,
454,title,Mario Götze,
455,title,Mario Mandžukic,
456,title,Mario Martínez,
457,title,Mario Yepes (c),
458,title,Mark Bresciano,
459,title,Mark Milligan,
460,title,Marouane Fellaini,
461,title,Martín Cáceres,
462,title,Martín Demichelis,
463,title,Martín Silva,
464,title,Marvin Chávez,
465,title,Masahiko Inoha,
466,title,Masato Morishige,
467,title,Masoud Shojaei,
468,title,Massimo Luongo,
469,title,Mateo Kovacic,
470,title,Mathew Leckie,
471,title,Mathew Ryan,
472,title,Mathieu Debuchy,
473,title,Mathieu Valbuena,
474,title,Mathis Bolly,
475,title,Mats Hummels,
476,title,Matt Besler,
477,title,Matt McKay,
478,title,Matteo Darmian,
479,title,Matthew Špiranovic,
480,title,Matthias Ginter,
481,title,Mattia De Sciglio,
482,title,Mattia Perin,
483,title,Mauricio Isla,
484,title,Mauricio Pinilla,
485,title,Max Gradel,
486,title,Maxi Pereira,
487,title,Maxi Rodríguez,
488,title,Maxim Choupo-Moting,
489,title,Máximo Banguera,
490,title,Maxwell,
491,title,Maya Yoshida,
492,title,Maynor Figueroa,
493,title,Medhi Lacen,
494,title,Mehdi Mostefa,
495,title,Mehrdad Pouladi,
496,title,Memphis Depay,
497,title,Mensur Mujdža,
498,title,Mesut Özil,
499,title,Michael Arroyo,
500,title,Michael Babatunde,
501,title,Michael Barrantes,
502,title,Michael Bradley,
503,title,Michael Essien,
504,title,Michael Lang,
505,title,Michael Uchebo,
506,title,Michael Umaña,
507,title,Michel Vorm,
508,title,Mickaël Landreau,
509,title,Miguel Ángel Ponce,
510,title,Miguel Layún,
511,title,Miguel Veloso,
512,title,Miiko Albornoz,
513,title,Mikkel Diskerud,
514,title,Milan Badelj,
515,title,Mile Jedinak (c),
516,title,Miralem Pjanic,
517,title,Miroslav Klose,
518,title,Mitchell Langerak,
519,title,Mohamed Zemmamouche,
520,title,Mohammed Rabiu,
521,title,Morgan Schneiderlin,
522,title,Mousa Dembélé,
523,title,Moussa Sissoko,
524,title,Muhamed Bešic,
525,title,Nabil Bentaleb,
526,title,Nabil Ghilas,
527,title,Nacer Chadli,
528,title,Nani,
529,title,Neymar,
530,title,Nick Rimando,
531,title,Nicolás Lodeiro,
532,title,Nicolas Lombaerts,
533,title,Nicolas N Koulou,
534,title,Nigel de Jong,
535,title,Nikica Jelavic,
536,title,Noel Valladares (c),
537,title,Ogenyi Onazi,
538,title,Ognjen Vranješ,
539,title,Ognjen Vukojevic,
540,title,Oleg Shatov,
541,title,Oliver Bozanic,
542,title,Oliver Zelenika,
543,title,Olivier Giroud,
544,title,Omar Gonzalez,
545,title,Orestis Karnezis,
546,title,Oribe Peralta,
547,title,Oscar,
548,title,Óscar Bagüí,
549,title,Óscar Boniek García,
550,title,Óscar Duarte,
551,title,Osman Chávez,
552,title,Oswaldo Minda,
553,title,Ousmane Viera,
554,title,Pablo Armero,
555,title,Pablo Zabaleta,
556,title,Panagiotis Glykos,
557,title,Panagiotis Kone,
558,title,Panagiotis Tachtsidis,
559,title,Park Chu-young,
560,title,Park Jong-woo,
561,title,Park Joo-ho,
562,title,Patrice Evra,
563,title,Patrick Pemberton,
564,title,Paul Aguilar,
565,title,Paul Pogba,
566,title,Paul Verhaegh,
567,title,Paulinho,
568,title,Pavel Mogilevets,
569,title,Pedro,
570,title,Pejman Montazeri,
571,title,Pepe,
572,title,Pepe Reina,
573,title,Per Mertesacker,
574,title,Peter Odemwingie,
575,title,Phil Jagielka,
576,title,Phil Jones,
577,title,Philipp Lahm (c),
578,title,Philippe Senderos,
579,title,Pierre Webó,
580,title,Rafa Silva,
581,title,Rafael Márquez (c),
582,title,Rafik Halliche,
583,title,Raheem Sterling,
584,title,Rahman Ahmadi,
585,title,Raïs M Bolhi,
586,title,Ramires,
587,title,Ramon Azeez,
588,title,Randall Brenes,
589,title,Raphaël Varane,
590,title,Rashid Sumaila,
591,title,Raúl Albiol,
592,title,Raúl Jiménez,
593,title,Raul Meireles,
594,title,Rémy Cabella,
595,title,Renato Ibarra,
596,title,Reto Ziegler,
597,title,Reuben Gabriel,
598,title,Reza Ghoochannejhad,
599,title,Reza Haghighi,
600,title,Ricardo Álvarez,
601,title,Ricardo Costa,
602,title,Ricardo Rodríguez,
603,title,Rickie Lambert,
604,title,Rio Mavuba,
605,title,Riyad Mahrez,
606,title,Robin van Persie (c),
607,title,Rodrigo Muñoz,
608,title,Rodrigo Palacio,
609,title,Roger Espinoza,
610,title,Roman Bürki,
611,title,Roman Weidenfeller,
612,title,Romelu Lukaku,
613,title,Ron Vlaar,
614,title,Ron-Robert Zieler,
615,title,Rony Martínez,
616,title,Ross Barkley,
617,title,Roy Miller,
618,title,Rúben Amorim,
619,title,Rui Patrício,
620,title,Ryan McGowan,
621,title,Salomon Kalou,
622,title,Salvatore Sirigu,
623,title,Sami Khedira,
624,title,Sammir,
625,title,Sammy Bossut,
626,title,Sammy N Djock,
627,title,Samuel Etoo (c),
628,title,Samuel Inkoom,
629,title,Santi Cazorla,
630,title,Santiago Arias,
631,title,Saphir Taïder,
632,title,Sayouba Mandé,
633,title,Sead Kolašinac,
634,title,Sebastián Coates,
635,title,Sejad Salihovic,
636,title,Senad Lulic,
637,title,Senijad Ibricic,
638,title,Serey Die,
639,title,Serge Aurier,
640,title,Sergei Ignashevich,
641,title,Sergey Ryzhikov,
642,title,Sergio Agüero,
643,title,Sergio Busquets,
644,title,Sergio Ramos,
645,title,Sergio Romero,
646,title,Shinji Kagawa,
647,title,Shinji Okazaki,
648,title,Shkodran Mustafi,
649,title,Shola Ameobi,
650,title,Shuichi Gonda,
651,title,Shusaku Nishikawa,
652,title,Silvestre Varela,
653,title,Šime Vrsaljko,
654,title,Simon Mignolet,
655,title,Sofiane Feghouli,
656,title,Sokratis Papastathopoulos,
657,title,Sol Bamba,
658,title,Son Heung-min,
659,title,Stefan de Vrij,
660,title,Stefanos Kapino,
661,title,Stephan Lichtsteiner,
662,title,Stéphane Mbia,
663,title,Stéphane Ruffier,
664,title,Stephen Adams,
665,title,Steve von Bergen,
666,title,Steven Beitashour,
667,title,Steven Defour,
668,title,Steven Gerrard (c),
669,title,Stipe Pletikosa,
670,title,Sulley Muntari,
671,title,Sylvain Gbohouo,
672,title,Teófilo Gutiérrez,
673,title,Terence Kongolo,
674,title,Theofanis Gekas,
675,title,Thiago Motta,
676,title,Thiago Silva (c),
677,title,Thibaut Courtois,
678,title,Thomas Müller,
679,title,Thomas Vermaelen,
680,title,Tim Cahill,
681,title,Tim Howard,
682,title,Tim Krul,
683,title,Timothy Chandler,
684,title,Tino-Sven Sušic,
685,title,Toby Alderweireld,
686,title,Tommy Oar,
687,title,Toni Kroos,
688,title,Toni Šunjic,
689,title,Toshihiro Aoyama,
690,title,Tranquillo Barnetta,
691,title,Uche Nwofor,
692,title,Valentin Stocker,
693,title,Valon Behrami,
694,title,Vangelis Moras,
695,title,Vasili Berezutski (c),
696,title,Vasilis Torosidis,
697,title,Vedad Ibiševic,
698,title,Vedran Corluka,
699,title,Victor,
700,title,Víctor Bernárdez,
701,title,Víctor Ibarbo,
702,title,Victor Moses,
703,title,Vieirinha,
704,title,Viktor Fayzulin,
705,title,Vincent Aboubakar,
706,title,Vincent Enyeama,
707,title,Vincent Kompany (c),
708,title,Vladimir Granat,
709,title,Wakaso Mubarak,
710,title,Walter Ayoví,
711,title,Walter Gargano,
712,title,Waylon Francis,
713,title,Wayne Rooney,
714,title,Wesley Sneijder,
715,title,Wilfried Bony,
716,title,William Carvalho,
717,title,Willian,
718,title,Wilson Palacios,
719,title,Xabi Alonso,
720,title,Xavi,
721,title,Xherdan Shaqiri,
722,title,Yacine Brahimi,
723,title,Yann Sommer,
724,title,Yasuhito Endo,
725,title,Yasuyuki Konno,
726,title,Yaya Touré,
727,title,Yeltsin Tejeda,
728,title,Yohan Cabaye,
729,title,Yoichiro Kakitani,
730,title,Yoshito Okubo,
731,title,Yun Suk-young,
732,title,Yuri Lodygin,
733,title,Yuri Zhirkov,
734,title,Yuto Nagatomo,
735,title,Yuya Osako,
736,title,Zvjezdan Misimovic,
1,Country,Algeria,
2,Country,Colombia,
3,Country,Uruguay,
4,Country,Ghana,
5,Country,England,
6,Country,Australia,
7,Country,Switzerland,
8,Country,Belgium,
9,Country,Ecuador,
10,Country,Colombia,
11,Country,Ghana,
12,Country,Argentina,
13,Country,Iran,
14,Country,Nigeria,
15,Country,Algeria,
16,Country,Russia,
17,Country,Mexico,
18,Country,Ghana,
19,Country,Italy,
20,Country,United States,
21,Country,Russia,
22,Country,Russia,
23,Country,Russia,
24,Country,Russia,
25,Country,Russia,
26,Country,Italy,
27,Country,England,
28,Country,Cameroon,
29,Country,Australia,
30,Country,Ecuador,
31,Country,Colombia,
32,Country,Greece,
33,Country,Chile,
34,Country,Mexico,
35,Country,Iran,
36,Country,Iran,
37,Country,Cameroon,
38,Country,Uruguay,
39,Country,Uruguay,
40,Country,Iran,
41,Country,Iran,
42,Country,Portugal,
43,Country,Ghana,
44,Country,Germany,
45,Country,Italy,
46,Country,Italy,
47,Country,Greece,
48,Country,Russia,
49,Country,Mexico,
50,Country,Spain,
51,Country,Russia,
52,Country,Honduras,
53,Country,Bosnia and Herzegovina,
54,Country,Argentina,
55,Country,Croatia,
56,Country,Belgium,
57,Country,France,
58,Country,Italy,
59,Country,Italy,
60,Country,Ecuador,
61,Country,Netherlands,
62,Country,United States,
63,Country,Ivory Coast,
64,Country,Chile,
65,Country,Ghana,
66,Country,Iran,
67,Country,Bosnia and Herzegovina,
68,Country,Bosnia and Herzegovina,
69,Country,Japan,
70,Country,Argentina,
71,Country,Cameroon,
72,Country,Nigeria,
73,Country,Bosnia and Herzegovina,
74,Country,Belgium,
75,Country,Nigeria,
76,Country,France,
77,Country,Australia,
78,Country,Iran,
79,Country,Germany,
80,Country,England,
81,Country,Australia,
82,Country,Germany,
83,Country,Cameroon,
84,Country,Cameroon,
85,Country,Brazil,
86,Country,Portugal,
87,Country,France,
88,Country,Switzerland,
89,Country,Ivory Coast,
90,Country,United States,
91,Country,United States,
92,Country,Honduras,
93,Country,Portugal,
94,Country,Netherlands,
95,Country,Costa Rica,
96,Country,Colombia,
97,Country,Algeria,
98,Country,Honduras,
99,Country,Colombia,
100,Country,Colombia,
101,Country,Chile,
102,Country,Ecuador,
103,Country,Mexico,
104,Country,Mexico,
105,Country,Colombia,
106,Country,Colombia,
107,Country,Cameroon,
108,Country,Algeria,
109,Country,Costa Rica,
110,Country,Spain,
111,Country,Spain,
112,Country,Chile,
113,Country,Cameroon,
114,Country,Ivory Coast,
115,Country,Nigeria,
116,Country,England,
117,Country,United States,
118,Country,Ghana,
119,Country,Costa Rica,
120,Country,Ecuador,
121,Country,Uruguay,
122,Country,Germany,
123,Country,Italy,
124,Country,Chile,
125,Country,Italy,
126,Country,United States,
127,Country,Ivory Coast,
128,Country,Costa Rica,
129,Country,Uruguay,
130,Country,Colombia,
131,Country,Portugal,
132,Country,Chile,
133,Country,Netherlands,
134,Country,United States,
135,Country,Brazil,
136,Country,Costa Rica,
137,Country,Iran,
138,Country,Ghana,
139,Country,England,
140,Country,Belgium,
141,Country,Italy,
142,Country,Croatia,
143,Country,Croatia,
144,Country,England,
145,Country,Brazil,
146,Country,Cameroon,
147,Country,Croatia,
148,Country,Australia,
149,Country,Netherlands,
150,Country,Spain,
151,Country,Brazil,
152,Country,Costa Rica,
153,Country,Colombia,
154,Country,Spain,
155,Country,Spain,
156,Country,United States,
157,Country,Croatia,
158,Country,Russia,
159,Country,Ivory Coast,
160,Country,Ivory Coast,
161,Country,Ivory Coast,
162,Country,Switzerland,
163,Country,Costa Rica,
164,Country,Spain,
165,Country,Uruguay,
166,Country,Uruguay,
167,Country,Uruguay,
168,Country,Uruguay,
169,Country,Mexico,
170,Country,Greece,
171,Country,Netherlands,
172,Country,Belgium,
173,Country,Algeria,
174,Country,Russia,
175,Country,Croatia,
176,Country,Honduras,
177,Country,Belgium,
178,Country,Honduras,
179,Country,Belgium,
180,Country,Portugal,
181,Country,Colombia,
182,Country,Cameroon,
183,Country,Bosnia and Herzegovina,
184,Country,Bosnia and Herzegovina,
185,Country,Uruguay,
186,Country,Ecuador,
187,Country,Croatia,
188,Country,Portugal,
189,Country,Chile,
190,Country,Nigeria,
191,Country,Uruguay,
192,Country,Iran,
193,Country,Japan,
194,Country,Nigeria,
195,Country,Algeria,
196,Country,France,
197,Country,Honduras,
198,Country,Bosnia and Herzegovina,
199,Country,Ghana,
200,Country,Nigeria,
201,Country,Ecuador,
202,Country,Argentina,
203,Country,Germany,
204,Country,Bosnia and Herzegovina,
205,Country,Algeria,
206,Country,Costa Rica,
207,Country,Chile,
208,Country,Australia,
209,Country,Chile,
210,Country,Cameroon,
211,Country,Argentina,
212,Country,Argentina,
213,Country,United States,
214,Country,Chile,
215,Country,Switzerland,
216,Country,Portugal,
217,Country,Cameroon,
218,Country,Algeria,
219,Country,Colombia,
220,Country,Ghana,
221,Country,Argentina,
222,Country,Ecuador,
223,Country,Chile,
224,Country,Brazil,
225,Country,Argentina,
226,Country,Uruguay,
227,Country,Spain,
228,Country,Ecuador,
229,Country,Mexico,
230,Country,Chile,
231,Country,England,
232,Country,England,
233,Country,Brazil,
234,Country,Colombia,
235,Country,Ecuador,
236,Country,Ecuador,
237,Country,Italy,
238,Country,England,
239,Country,Chile,
240,Country,Uruguay,
241,Country,Switzerland,
242,Country,United States,
243,Country,Russia,
244,Country,Netherlands,
245,Country,Spain,
246,Country,Ivory Coast,
247,Country,Iran,
248,Country,Costa Rica,
249,Country,Italy,
250,Country,Greece,
251,Country,Greece,
252,Country,Italy,
253,Country,Greece,
254,Country,Greece,
255,Country,Greece,
256,Country,Mexico,
257,Country,Ivory Coast,
258,Country,England,
259,Country,Nigeria,
260,Country,Switzerland,
261,Country,Argentina,
262,Country,Chile,
263,Country,Croatia,
264,Country,Japan,
265,Country,United States,
266,Country,Switzerland,
267,Country,Mexico,
268,Country,South Korea,
269,Country,South Korea,
270,Country,Bosnia and Herzegovina,
271,Country,Switzerland,
272,Country,Ghana,
273,Country,Iran,
274,Country,Algeria,
275,Country,Mexico,
276,Country,Mexico,
277,Country,Portugal,
278,Country,Cameroon,
279,Country,Brazil,
280,Country,Brazil,
281,Country,Japan,
282,Country,Japan,
283,Country,South Korea,
284,Country,Iran,
285,Country,Japan,
286,Country,Portugal,
287,Country,Argentina,
288,Country,France,
289,Country,Brazil,
290,Country,South Korea,
291,Country,Italy,
292,Country,Russia,
293,Country,Russia,
294,Country,Spain,
295,Country,Mexico,
296,Country,Algeria,
297,Country,Ivory Coast,
298,Country,Australia,
299,Country,Croatia,
300,Country,Croatia,
301,Country,Croatia,
302,Country,Bosnia and Herzegovina,
303,Country,England,
304,Country,Colombia,
305,Country,Ecuador,
306,Country,Iran,
307,Country,Australia,
308,Country,England,
309,Country,Colombia,
310,Country,Australia,
311,Country,Belgium,
312,Country,Bosnia and Herzegovina,
313,Country,Australia,
314,Country,Netherlands,
315,Country,Iran,
316,Country,Spain,
317,Country,Mexico,
318,Country,Mexico,
319,Country,Argentina,
320,Country,Chile,
321,Country,Cameroon,
322,Country,Ivory Coast,
323,Country,Brazil,
324,Country,Ecuador,
325,Country,Netherlands,
326,Country,United States,
327,Country,Germany,
328,Country,Honduras,
329,Country,Honduras,
330,Country,South Korea,
331,Country,Brazil,
332,Country,Portugal,
333,Country,Portugal,
334,Country,Ecuador,
335,Country,England,
336,Country,Costa Rica,
337,Country,Cameroon,
338,Country,Netherlands,
339,Country,Switzerland,
340,Country,Ghana,
341,Country,United States,
342,Country,Nigeria,
343,Country,Costa Rica,
344,Country,Chile,
345,Country,Netherlands,
346,Country,Ghana,
347,Country,Ghana,
348,Country,England,
349,Country,Spain,
350,Country,Netherlands,
351,Country,Honduras,
352,Country,Uruguay,
353,Country,Ecuador,
354,Country,Chile,
355,Country,Mexico,
356,Country,Greece,
357,Country,Mexico,
358,Country,Argentina,
359,Country,Uruguay,
360,Country,Costa Rica,
361,Country,Chile,
362,Country,Chile,
363,Country,Nigeria,
364,Country,Switzerland,
365,Country,United States,
366,Country,Colombia,
367,Country,Honduras,
368,Country,Ecuador,
369,Country,Colombia,
370,Country,Colombia,
371,Country,Spain,
372,Country,Honduras,
373,Country,Spain,
374,Country,Germany,
375,Country,United States,
376,Country,Brazil,
377,Country,South Korea,
378,Country,Costa Rica,
379,Country,Nigeria,
380,Country,Iran,
381,Country,France,
382,Country,Japan,
383,Country,Nigeria,
384,Country,Belgium,
385,Country,Germany,
386,Country,Belgium,
387,Country,Ghana,
388,Country,Costa Rica,
389,Country,Iran,
390,Country,South Korea,
391,Country,South Korea,
392,Country,South Korea,
393,Country,South Korea,
394,Country,South Korea,
395,Country,South Korea,
396,Country,Netherlands,
397,Country,Spain,
398,Country,Ivory Coast,
399,Country,South Korea,
400,Country,Greece,
401,Country,Greece,
402,Country,Greece,
403,Country,Nigeria,
404,Country,Ghana,
405,Country,South Korea,
406,Country,United States,
407,Country,Cameroon,
408,Country,Belgium,
409,Country,France,
410,Country,Greece,
411,Country,South Korea,
412,Country,South Korea,
413,Country,South Korea,
414,Country,South Korea,
415,Country,England,
416,Country,Italy,
417,Country,Netherlands,
418,Country,Algeria,
419,Country,Argentina,
420,Country,Cameroon,
421,Country,France,
422,Country,Italy,
423,Country,Greece,
424,Country,Argentina,
425,Country,France,
426,Country,Honduras,
427,Country,Honduras,
428,Country,Portugal,
429,Country,Ecuador,
430,Country,Uruguay,
431,Country,Brazil,
432,Country,Croatia,
433,Country,Germany,
434,Country,England,
435,Country,Algeria,
436,Country,Brazil,
437,Country,Ghana,
438,Country,Japan,
439,Country,Russia,
440,Country,France,
441,Country,Japan,
442,Country,Germany,
443,Country,Brazil,
444,Country,Croatia,
445,Country,Chile,
446,Country,Mexico,
447,Country,Italy,
448,Country,Costa Rica,
449,Country,Italy,
450,Country,Argentina,
451,Country,Argentina,
452,Country,Italy,
453,Country,Switzerland,
454,Country,Germany,
455,Country,Croatia,
456,Country,Honduras,
457,Country,Colombia,
458,Country,Australia,
459,Country,Australia,
460,Country,Belgium,
461,Country,Uruguay,
462,Country,Argentina,
463,Country,Uruguay,
464,Country,Honduras,
465,Country,Japan,
466,Country,Japan,
467,Country,Iran,
468,Country,Australia,
469,Country,Croatia,
470,Country,Australia,
471,Country,Australia,
472,Country,France,
473,Country,France,
474,Country,Ivory Coast,
475,Country,Germany,
476,Country,United States,
477,Country,Australia,
478,Country,Italy,
479,Country,Australia,
480,Country,Germany,
481,Country,Italy,
482,Country,Italy,
483,Country,Chile,
484,Country,Chile,
485,Country,Ivory Coast,
486,Country,Uruguay,
487,Country,Argentina,
488,Country,Cameroon,
489,Country,Ecuador,
490,Country,Brazil,
491,Country,Japan,
492,Country,Honduras,
493,Country,Algeria,
494,Country,Algeria,
495,Country,Iran,
496,Country,Netherlands,
497,Country,Bosnia and Herzegovina,
498,Country,Germany,
499,Country,Ecuador,
500,Country,Nigeria,
501,Country,Costa Rica,
502,Country,United States,
503,Country,Ghana,
504,Country,Switzerland,
505,Country,Nigeria,
506,Country,Costa Rica,
507,Country,Netherlands,
508,Country,France,
509,Country,Mexico,
510,Country,Mexico,
511,Country,Portugal,
512,Country,Chile,
513,Country,United States,
514,Country,Croatia,
515,Country,Australia,
516,Country,Bosnia and Herzegovina,
517,Country,Germany,
518,Country,Australia,
519,Country,Algeria,
520,Country,Ghana,
521,Country,France,
522,Country,Belgium,
523,Country,France,
524,Country,Bosnia and Herzegovina,
525,Country,Algeria,
526,Country,Algeria,
527,Country,Belgium,
528,Country,Portugal,
529,Country,Brazil,
530,Country,United States,
531,Country,Uruguay,
532,Country,Belgium,
533,Country,Cameroon,
534,Country,Netherlands,
535,Country,Croatia,
536,Country,Honduras,
537,Country,Nigeria,
538,Country,Bosnia and Herzegovina,
539,Country,Croatia,
540,Country,Russia,
541,Country,Australia,
542,Country,Croatia,
543,Country,France,
544,Country,United States,
545,Country,Greece,
546,Country,Mexico,
547,Country,Brazil,
548,Country,Ecuador,
549,Country,Honduras,
550,Country,Costa Rica,
551,Country,Honduras,
552,Country,Ecuador,
553,Country,Ivory Coast,
554,Country,Colombia,
555,Country,Argentina,
556,Country,Greece,
557,Country,Greece,
558,Country,Greece,
559,Country,South Korea,
560,Country,South Korea,
561,Country,South Korea,
562,Country,France,
563,Country,Costa Rica,
564,Country,Mexico,
565,Country,France,
566,Country,Netherlands,
567,Country,Brazil,
568,Country,Russia,
569,Country,Spain,
570,Country,Iran,
571,Country,Portugal,
572,Country,Spain,
573,Country,Germany,
574,Country,Nigeria,
575,Country,England,
576,Country,England,
577,Country,Germany,
578,Country,Switzerland,
579,Country,Cameroon,
580,Country,Portugal,
581,Country,Mexico,
582,Country,Algeria,
583,Country,England,
584,Country,Iran,
585,Country,Algeria,
586,Country,Brazil,
587,Country,Nigeria,
588,Country,Costa Rica,
589,Country,France,
590,Country,Ghana,
591,Country,Spain,
592,Country,Mexico,
593,Country,Portugal,
594,Country,France,
595,Country,Ecuador,
596,Country,Switzerland,
597,Country,Nigeria,
598,Country,Iran,
599,Country,Iran,
600,Country,Argentina,
601,Country,Portugal,
602,Country,Switzerland,
603,Country,England,
604,Country,France,
605,Country,Algeria,
606,Country,Netherlands,
607,Country,Uruguay,
608,Country,Argentina,
609,Country,Honduras,
610,Country,Switzerland,
611,Country,Germany,
612,Country,Belgium,
613,Country,Netherlands,
614,Country,Germany,
615,Country,Honduras,
616,Country,England,
617,Country,Costa Rica,
618,Country,Portugal,
619,Country,Portugal,
620,Country,Australia,
621,Country,Ivory Coast,
622,Country,Italy,
623,Country,Germany,
624,Country,Croatia,
625,Country,Belgium,
626,Country,Cameroon,
627,Country,Cameroon,
628,Country,Ghana,
629,Country,Spain,
630,Country,Colombia,
631,Country,Algeria,
632,Country,Ivory Coast,
633,Country,Bosnia and Herzegovina,
634,Country,Uruguay,
635,Country,Bosnia and Herzegovina,
636,Country,Bosnia and Herzegovina,
637,Country,Bosnia and Herzegovina,
638,Country,Ivory Coast,
639,Country,Ivory Coast,
640,Country,Russia,
641,Country,Russia,
642,Country,Argentina,
643,Country,Spain,
644,Country,Spain,
645,Country,Argentina,
646,Country,Japan,
647,Country,Japan,
648,Country,Germany,
649,Country,Nigeria,
650,Country,Japan,
651,Country,Japan,
652,Country,Portugal,
653,Country,Croatia,
654,Country,Belgium,
655,Country,Algeria,
656,Country,Greece,
657,Country,Ivory Coast,
658,Country,South Korea,
659,Country,Netherlands,
660,Country,Greece,
661,Country,Switzerland,
662,Country,Cameroon,
663,Country,France,
664,Country,Ghana,
665,Country,Switzerland,
666,Country,Iran,
667,Country,Belgium,
668,Country,England,
669,Country,Croatia,
670,Country,Ghana,
671,Country,Ivory Coast,
672,Country,Colombia,
673,Country,Netherlands,
674,Country,Greece,
675,Country,Italy,
676,Country,Brazil,
677,Country,Belgium,
678,Country,Germany,
679,Country,Belgium,
680,Country,Australia,
681,Country,United States,
682,Country,Netherlands,
683,Country,United States,
684,Country,Bosnia and Herzegovina,
685,Country,Belgium,
686,Country,Australia,
687,Country,Germany,
688,Country,Bosnia and Herzegovina,
689,Country,Japan,
690,Country,Switzerland,
691,Country,Nigeria,
692,Country,Switzerland,
693,Country,Switzerland,
694,Country,Greece,
695,Country,Russia,
696,Country,Greece,
697,Country,Bosnia and Herzegovina,
698,Country,Croatia,
699,Country,Brazil,
700,Country,Honduras,
701,Country,Colombia,
702,Country,Nigeria,
703,Country,Portugal,
704,Country,Russia,
705,Country,Cameroon,
706,Country,Nigeria,
707,Country,Belgium,
708,Country,Russia,
709,Country,Ghana,
710,Country,Ecuador,
711,Country,Uruguay,
712,Country,Costa Rica,
713,Country,England,
714,Country,Netherlands,
715,Country,Ivory Coast,
716,Country,Portugal,
717,Country,Brazil,
718,Country,Honduras,
719,Country,Spain,
720,Country,Spain,
721,Country,Switzerland,
722,Country,Algeria,
723,Country,Switzerland,
724,Country,Japan,
725,Country,Japan,
726,Country,Ivory Coast,
727,Country,Costa Rica,
728,Country,France,
729,Country,Japan,
730,Country,Japan,
731,Country,South Korea,
732,Country,Russia,
733,Country,Russia,
734,Country,Japan,
735,Country,Japan,
736,Country,Bosnia and Herzegovina,
1,Team,Club Africain,
2,Team,Toulouse,
3,Team,Palermo,
4,Team,Strømsgodset,
5,Team,Southampton,
6,Team,Newcastle Jets,
7,Team,SC Freiburg,
8,Team,Manchester United,
9,Team,El Nacional,
10,Team,Hertha BSC,
11,Team,Parma,
12,Team,Boca Juniors,
13,Team,Naft Tehran,
14,Team,CSKA Moscow,
15,Team,Reims,
16,Team,CSKA Moscow,
17,Team,UANL,
18,Team,Middlesbrough,
19,Team,Fiorentina,
20,Team,Nantes,
21,Team,Zenit Saint Petersburg,
22,Team,Dynamo Moscow,
23,Team,Lokomotiv Moscow,
24,Team,Dynamo Moscow,
25,Team,Dynamo Moscow,
26,Team,Torino,
27,Team,Arsenal,
28,Team,Barcelona,
29,Team,Jeonbuk Hyundai Motors,
30,Team,LDU Quito,
31,Team,Atlético Nacional,
32,Team,Kayserispor,
33,Team,Barcelona,
34,Team,Toluca,
35,Team,Sporting Covilhã,
36,Team,NEC,
37,Team,Granada,
38,Team,Lazio,
39,Team,São Paulo,
40,Team,Esteghlal,
41,Team,Esteghlal,
42,Team,Benfica,
43,Team,Marseille,
44,Team,Chelsea,
45,Team,Juventus,
46,Team,Juventus,
47,Team,Olympiacos,
48,Team,Terek Grozny,
49,Team,Bayer Leverkusen,
50,Team,Barcelona,
51,Team,Anzhi Makhachkala,
52,Team,Anderlecht,
53,Team,Sturm Graz,
54,Team,Real Madrid,
55,Team,Fiorentina,
56,Team,Anderlecht,
57,Team,Real Sociedad,
58,Team,Lazio,
59,Team,Parma,
60,Team,Manchester United,
61,Team,Bayern Munich,
62,Team,AZ,
63,Team,VfB Stuttgart,
64,Team,Juventus,
65,Team,Al-Ain,
66,Team,Fulham,
67,Team,Borac Banja Luka,
68,Team,Stoke City,
69,Team,Schalke 04,
70,Team,Celta Vigo,
71,Team,Galatasaray,
72,Team,Hapoel Beer Sheva,
73,Team,Hajduk Split,
74,Team,Zenit Saint Petersburg,
75,Team,Warri Wolves,
76,Team,Arsenal,
77,Team,Preston North End,
78,Team,Foolad,
79,Team,Bayern Munich,
80,Team,West Bromwich Albion,
81,Team,Fortuna Düsseldorf,
82,Team,Schalke 04,
83,Team,Nancy,
84,Team,Queens Park Rangers,
85,Team,Shakhtar Donetsk,
86,Team,Sevilla,
87,Team,Paris Saint-Germain,
88,Team,Napoli,
89,Team,Lokeren,
90,Team,Houston Dynamo,
91,Team,Aston Villa,
92,Team,Olimpia,
93,Team,Fenerbahçe,
94,Team,Feyenoord,
95,Team,PSV,
96,Team,Santa Fe,
97,Team,Valenciennes,
98,Team,Real España,
99,Team,Sevilla,
100,Team,River Plate,
101,Team,Atalanta,
102,Team,VfB Stuttgart,
103,Team,León,
104,Team,UANL,
105,Team,Elche,
106,Team,San Lorenzo,
107,Team,Coton Sport,
108,Team,CS Constantine,
109,Team,AIK,
110,Team,Chelsea,
111,Team,Barcelona,
112,Team,Internacional,
113,Team,Konyaspor,
114,Team,Newcastle United,
115,Team,Gombe United,
116,Team,Manchester United,
117,Team,San Jose Earthquakes,
118,Team,Vitesse,
119,Team,Copenhagen,
120,Team,Dynamo Moscow,
121,Team,Espanyol,
122,Team,Borussia Mönchengladbach,
123,Team,Torino,
124,Team,Real Sociedad,
125,Team,Juventus,
126,Team,Seattle Sounders FC,
127,Team,Eintracht Frankfurt,
128,Team,Rosenborg,
129,Team,Atlético Madrid,
130,Team,Milan,
131,Team,Real Madrid,
132,Team,Universidad Católica,
133,Team,Ajax,
134,Team,Puebla,
135,Team,Barcelona,
136,Team,Herediano,
137,Team,Eintracht Braunschweig,
138,Team,Standard Liège,
139,Team,Liverpool,
140,Team,Bayern Munich,
141,Team,Roma,
142,Team,Panathinaikos,
143,Team,AS Monaco,
144,Team,Manchester United,
145,Team,Bayern Munich,
146,Team,Be?ikta?,
147,Team,Shakhtar Donetsk,
148,Team,Sion,
149,Team,Feyenoord,
150,Team,Manchester United,
151,Team,Chelsea,
152,Team,Herediano,
153,Team,Nice,
154,Team,Manchester City,
155,Team,Atlético Madrid,
156,Team,Seattle Sounders FC,
157,Team,Southampton,
158,Team,Spartak Moscow,
159,Team,Galatasaray,
160,Team,Hannover 96,
161,Team,Trabzonspor,
162,Team,VfL Wolfsburg,
163,Team,Vålerenga,
164,Team,Atlético Madrid,
165,Team,Cerezo Osaka,
166,Team,Atlético Madrid,
167,Team,West Bromwich Albion,
168,Team,Bologna,
169,Team,Porto,
170,Team,PAOK,
171,Team,Fenerbahçe,
172,Team,Lille,
173,Team,Livorno,
174,Team,Spartak Moscow,
175,Team,Dynamo Kyiv,
176,Team,Olimpia,
177,Team,Napoli,
178,Team,Real España,
179,Team,Chelsea,
180,Team,Braga,
181,Team,River Plate,
182,Team,Lens,
183,Team,Manchester City,
184,Team,?stanbul Ba?ak?ehir,
185,Team,Paris Saint-Germain,
186,Team,Santa Fe,
187,Team,Shakhtar Donetsk,
188,Team,Braga,
189,Team,Valencia,
190,Team,Celtic,
191,Team,Morelia,
192,Team,Sepahan,
193,Team,Standard Liège,
194,Team,Enugu Rangers,
195,Team,Dinamo Zagreb,
196,Team,Porto,
197,Team,Celtic,
198,Team,Bayer Leverkusen,
199,Team,Udinese,
200,Team,Fenerbahçe,
201,Team,Pachuca,
202,Team,Benfica,
203,Team,Borussia Dortmund,
204,Team,Eintracht Braunschweig,
205,Team,Watford,
206,Team,Herediano,
207,Team,Colo-Colo,
208,Team,Adelaide United,
209,Team,Santos,
210,Team,Antalyaspor,
211,Team,Benfica,
212,Team,Paris Saint-Germain,
213,Team,1899 Hoffenheim,
214,Team,Celta Vigo,
215,Team,Basel,
216,Team,Real Madrid,
217,Team,Zulte Waregem,
218,Team,Napoli,
219,Team,Deportivo Cali,
220,Team,Orlando Pirates,
221,Team,Napoli,
222,Team,Al-Jazira,
223,Team,Twente,
224,Team,Manchester City,
225,Team,Boca Juniors,
226,Team,Galatasaray,
227,Team,Chelsea,
228,Team,Tijuana,
229,Team,América,
230,Team,Osasuna,
231,Team,Chelsea,
232,Team,Celtic,
233,Team,Fluminense,
234,Team,Internazionale,
235,Team,Flamengo,
236,Team,Emelec,
237,Team,Parma,
238,Team,Chelsea,
239,Team,Cardiff City,
240,Team,Southampton,
241,Team,SC Freiburg,
242,Team,Stoke City,
243,Team,CSKA Moscow,
244,Team,PSV,
245,Team,Barcelona,
246,Team,Roma,
247,Team,Zob Ahan,
248,Team,Columbus Crew,
249,Team,Juventus,
250,Team,Genoa,
251,Team,Olympiacos,
252,Team,Juventus,
253,Team,Fulham,
254,Team,Celtic,
255,Team,PAOK,
256,Team,Villarreal,
257,Team,Basel,
258,Team,Liverpool,
259,Team,Çaykur Rizespor,
260,Team,Napoli,
261,Team,Napoli,
262,Team,Nottingham Forest,
263,Team,Panathinaikos,
264,Team,VfB Stuttgart,
265,Team,Sporting Kansas City,
266,Team,Borussia Mönchengladbach,
267,Team,Ajaccio,
268,Team,Beijing Guoan,
269,Team,Kashiwa Reysol,
270,Team,Gaziantepspor,
271,Team,Real Sociedad,
272,Team,Espérance,
273,Team,Esteghlal,
274,Team,Udinese,
275,Team,Porto,
276,Team,Espanyol,
277,Team,Lazio,
278,Team,Lyon,
279,Team,Napoli,
280,Team,Internazionale,
281,Team,Hannover 96,
282,Team,1. FC Nürnberg,
283,Team,FC Augsburg,
284,Team,Persepolis,
285,Team,Cerezo Osaka,
286,Team,Be?ikta?,
287,Team,Internazionale,
288,Team,Tottenham Hotspur,
289,Team,Zenit Saint Petersburg,
290,Team,Sanfrecce Hiroshima,
291,Team,Milan,
292,Team,CSKA Moscow,
293,Team,Dynamo Moscow,
294,Team,Real Madrid,
295,Team,Toluca,
296,Team,Sporting CP,
297,Team,Saint-Étienne,
298,Team,Brisbane Roar,
299,Team,VfL Wolfsburg,
300,Team,Sevilla,
301,Team,VfL Wolfsburg,
302,Team,Galatasaray,
303,Team,Arsenal,
304,Team,Porto,
305,Team,Tijuana,
306,Team,Persepolis,
307,Team,Austria Wien,
308,Team,Manchester City,
309,Team,AS Monaco,
310,Team,Melbourne Victory,
311,Team,Tottenham Hotspur,
312,Team,VfR Aalen,
313,Team,Heracles Almelo,
314,Team,Ajax,
315,Team,Al-Kuwait,
316,Team,Bayern Munich,
317,Team,Villarreal,
318,Team,Manchester United,
319,Team,Barcelona,
320,Team,Wigan Athletic,
321,Team,Rennes,
322,Team,Toulouse,
323,Team,Botafogo,
324,Team,Morelia,
325,Team,Dynamo Kyiv,
326,Team,Be?ikta?,
327,Team,Bayern Munich,
328,Team,New England Revolution,
329,Team,Alajuelense,
330,Team,FC Augsburg,
331,Team,Atlético Mineiro,
332,Team,AS Monaco,
333,Team,Valencia,
334,Team,Cruz Azul,
335,Team,Manchester City,
336,Team,Olympiacos,
337,Team,Schalke 04,
338,Team,Ajax,
339,Team,Hamburger SV,
340,Team,Rennes,
341,Team,Hertha BSC,
342,Team,Chelsea,
343,Team,Alajuelense,
344,Team,Universidad de Chile,
345,Team,Swansea City,
346,Team,Évian,
347,Team,Sochaux,
348,Team,Liverpool,
349,Team,Barcelona,
350,Team,Feyenoord,
351,Team,Motagua,
352,Team,Porto,
353,Team,Emelec,
354,Team,Palmeiras,
355,Team,Cruz Azul,
356,Team,Olympiacos,
357,Team,León,
358,Team,Monterrey,
359,Team,Atlético Madrid,
360,Team,Herediano,
361,Team,Colo-Colo,
362,Team,Universidad de Chile,
363,Team,Norwich City,
364,Team,1. FC Nürnberg,
365,Team,Sunderland,
366,Team,Napoli,
367,Team,Wigan Athletic,
368,Team,Barcelona,
369,Team,Porto,
370,Team,Fiorentina,
371,Team,Manchester United,
372,Team,Motagua,
373,Team,Atlético Madrid,
374,Team,Schalke 04,
375,Team,Bayern Munich,
376,Team,Toronto FC,
377,Team,Suwon Bluewings,
378,Team,Mainz 05,
379,Team,Ashdod,
380,Team,Tractor Sazi,
381,Team,Real Madrid,
382,Team,Milan,
383,Team,Middlesbrough,
384,Team,VfL Wolfsburg,
385,Team,Borussia Dortmund,
386,Team,Everton,
387,Team,Schalke 04,
388,Team,Levante,
389,Team,Esteghlal,
390,Team,Sunderland,
391,Team,Cardiff City,
392,Team,Kashiwa Reysol,
393,Team,Ulsan Hyundai,
394,Team,Ulsan Hyundai,
395,Team,Guangzhou Evergrande,
396,Team,Schalke 04,
397,Team,Atlético Madrid,
398,Team,Liverpool,
399,Team,Mainz 05,
400,Team,PAOK,
401,Team,Olympiacos,
402,Team,Fulham,
403,Team,Sunshine Stars,
404,Team,Juventus,
405,Team,Al-Hilal,
406,Team,Real Salt Lake,
407,Team,Bordeaux,
408,Team,Standard Liège,
409,Team,Arsenal,
410,Team,Bologna,
411,Team,Busan IPark,
412,Team,Bolton Wanderers,
413,Team,Sangju Sangmu,
414,Team,Ulsan Hyundai,
415,Team,Everton,
416,Team,Juventus,
417,Team,Norwich City,
418,Team,Mallorca,
419,Team,Barcelona,
420,Team,Coton Sport,
421,Team,Newcastle United,
422,Team,Napoli,
423,Team,Levante,
424,Team,Lazio,
425,Team,Paris Saint-Germain,
426,Team,Olimpia,
427,Team,Real España,
428,Team,Zenit Saint Petersburg,
429,Team,Barcelona,
430,Team,Liverpool,
431,Team,VfL Wolfsburg,
432,Team,Real Madrid,
433,Team,Arsenal,
434,Team,Southampton,
435,Team,Lekhwiya,
436,Team,Roma,
437,Team,Valenciennes,
438,Team,1. FC Nürnberg,
439,Team,Rubin Kazan,
440,Team,Liverpool,
441,Team,Yokohama F. Marinos,
442,Team,Bayern Munich,
443,Team,Real Madrid,
444,Team,Dinamo Zagreb,
445,Team,Basel,
446,Team,Cruz Azul,
447,Team,Parma,
448,Team,Kuban Krasnodar,
449,Team,Paris Saint-Germain,
450,Team,Sporting CP,
451,Team,Catania,
452,Team,Milan,
453,Team,Zürich,
454,Team,Bayern Munich,
455,Team,Bayern Munich,
456,Team,Real España,
457,Team,Atalanta,
458,Team,Al-Gharafa,
459,Team,Melbourne Victory,
460,Team,Manchester United,
461,Team,Juventus,
462,Team,Manchester City,
463,Team,Vasco da Gama,
464,Team,Chivas USA,
465,Team,Jubilo Iwata,
466,Team,F.C. Tokyo,
467,Team,Las Palmas,
468,Team,Swindon Town,
469,Team,Internazionale,
470,Team,FSV Frankfurt,
471,Team,Club Brugge,
472,Team,Newcastle United,
473,Team,Marseille,
474,Team,Fortuna Düsseldorf,
475,Team,Borussia Dortmund,
476,Team,Sporting Kansas City,
477,Team,Brisbane Roar,
478,Team,Torino,
479,Team,Western Sydney Wanderers,
480,Team,SC Freiburg,
481,Team,Milan,
482,Team,Genoa,
483,Team,Juventus,
484,Team,Cagliari,
485,Team,Saint-Étienne,
486,Team,Benfica,
487,Team,Newells Old Boys,
488,Team,Mainz 05,
489,Team,Barcelona,
490,Team,Paris Saint-Germain,
491,Team,Southampton,
492,Team,Hull City,
493,Team,Getafe,
494,Team,Ajaccio,
495,Team,Persepolis,
496,Team,PSV,
497,Team,SC Freiburg,
498,Team,Arsenal,
499,Team,Atlante,
500,Team,Volyn Lutsk,
501,Team,Aalesund,
502,Team,Toronto FC,
503,Team,Milan,
504,Team,Grasshopper,
505,Team,Cercle Brugge,
506,Team,Saprissa,
507,Team,Swansea City,
508,Team,Bastia,
509,Team,Toluca,
510,Team,América,
511,Team,Dynamo Kyiv,
512,Team,Malmö FF,
513,Team,Rosenborg,
514,Team,Hamburger SV,
515,Team,Crystal Palace,
516,Team,Roma,
517,Team,Lazio,
518,Team,Borussia Dortmund,
519,Team,USM Alger,
520,Team,Kuban Krasnodar,
521,Team,Southampton,
522,Team,Tottenham Hotspur,
523,Team,Newcastle United,
524,Team,Ferencváros,
525,Team,Tottenham Hotspur,
526,Team,Porto,
527,Team,Tottenham Hotspur,
528,Team,Manchester United,
529,Team,Barcelona,
530,Team,Real Salt Lake,
531,Team,Corinthians,
532,Team,Zenit Saint Petersburg,
533,Team,Marseille,
534,Team,Milan,
535,Team,Hull City,
536,Team,Olimpia,
537,Team,Lazio,
538,Team,Elaz??spor,
539,Team,Dynamo Kyiv,
540,Team,Zenit Saint Petersburg,
541,Team,Luzern,
542,Team,Lokomotiva,
543,Team,Arsenal,
544,Team,Los Angeles Galaxy,
545,Team,Granada,
546,Team,Santos Laguna,
547,Team,Chelsea,
548,Team,Emelec,
549,Team,Houston Dynamo,
550,Team,Club Brugge,
551,Team,Qingdao Jonoon,
552,Team,Chivas USA,
553,Team,Çaykur Rizespor,
554,Team,West Ham United,
555,Team,Manchester City,
556,Team,PAOK,
557,Team,Bologna,
558,Team,Torino,
559,Team,Watford,
560,Team,Guangzhou R&F,
561,Team,Mainz 05,
562,Team,Manchester United,
563,Team,Alajuelense,
564,Team,América,
565,Team,Juventus,
566,Team,FC Augsburg,
567,Team,Tottenham Hotspur,
568,Team,Rubin Kazan,
569,Team,Barcelona,
570,Team,Umm Salal,
571,Team,Real Madrid,
572,Team,Napoli,
573,Team,Arsenal,
574,Team,Stoke City,
575,Team,Everton,
576,Team,Manchester United,
577,Team,Bayern Munich,
578,Team,Valencia,
579,Team,Fenerbahçe,
580,Team,Braga,
581,Team,León,
582,Team,Académica,
583,Team,Liverpool,
584,Team,Sepahan,
585,Team,CSKA Sofia,
586,Team,Chelsea,
587,Team,Almería,
588,Team,Cartaginés,
589,Team,Real Madrid,
590,Team,Mamelodi Sundowns,
591,Team,Napoli,
592,Team,América,
593,Team,Fenerbahçe,
594,Team,Montpellier,
595,Team,Vitesse,
596,Team,Sassuolo,
597,Team,Waasland-Beveren,
598,Team,Charlton Athletic,
599,Team,Persepolis,
600,Team,Internazionale,
601,Team,Valencia,
602,Team,VfL Wolfsburg,
603,Team,Southampton,
604,Team,Lille,
605,Team,Leicester City,
606,Team,Manchester United,
607,Team,Libertad,
608,Team,Internazionale,
609,Team,Wigan Athletic,
610,Team,Grasshopper,
611,Team,Borussia Dortmund,
612,Team,Everton,
613,Team,Aston Villa,
614,Team,Hannover 96,
615,Team,Real Sociedad,
616,Team,Everton,
617,Team,New York Red Bulls,
618,Team,Benfica,
619,Team,Sporting CP,
620,Team,Shandong Luneng Taishan,
621,Team,Lille,
622,Team,Paris Saint-Germain,
623,Team,Real Madrid,
624,Team,Getafe,
625,Team,Zulte Waregem,
626,Team,Fethiyespor,
627,Team,Chelsea,
628,Team,Platanias,
629,Team,Arsenal,
630,Team,PSV,
631,Team,Internazionale,
632,Team,Stabæk,
633,Team,Schalke 04,
634,Team,Nacional,
635,Team,1899 Hoffenheim,
636,Team,Lazio,
637,Team,Kayseri Erciyesspor,
638,Team,Basel,
639,Team,Toulouse,
640,Team,CSKA Moscow,
641,Team,Rubin Kazan,
642,Team,Manchester City,
643,Team,Barcelona,
644,Team,Real Madrid,
645,Team,AS Monaco,
646,Team,Manchester United,
647,Team,Mainz 05,
648,Team,Sampdoria,
649,Team,Newcastle United,
650,Team,F.C. Tokyo,
651,Team,Urawa Red Diamonds,
652,Team,Porto,
653,Team,Genoa,
654,Team,Liverpool,
655,Team,Valencia,
656,Team,Borussia Dortmund,
657,Team,Trabzonspor,
658,Team,Bayer Leverkusen,
659,Team,Feyenoord,
660,Team,Panathinaikos,
661,Team,Juventus,
662,Team,Sevilla,
663,Team,Saint-Étienne,
664,Team,Aduana Stars,
665,Team,Young Boys,
666,Team,Vancouver Whitecaps FC,
667,Team,Porto,
668,Team,Liverpool,
669,Team,Rostov,
670,Team,Milan,
671,Team,Séwé Sport,
672,Team,River Plate,
673,Team,Feyenoord,
674,Team,Konyaspor,
675,Team,Paris Saint-Germain,
676,Team,Paris Saint-Germain,
677,Team,Atlético Madrid,
678,Team,Bayern Munich,
679,Team,Arsenal,
680,Team,New York Red Bulls,
681,Team,Everton,
682,Team,Newcastle United,
683,Team,1. FC Nürnberg,
684,Team,Hajduk Split,
685,Team,Atlético Madrid,
686,Team,Utrecht,
687,Team,Bayern Munich,
688,Team,Zorya Luhansk,
689,Team,Sanfrecce Hiroshima,
690,Team,Eintracht Frankfurt,
691,Team,Heerenveen,
692,Team,Basel,
693,Team,Napoli,
694,Team,Verona,
695,Team,CSKA Moscow,
696,Team,Roma,
697,Team,VfB Stuttgart,
698,Team,Lokomotiv Moscow,
699,Team,Atlético Mineiro,
700,Team,San Jose Earthquakes,
701,Team,Cagliari,
702,Team,Liverpool,
703,Team,VfL Wolfsburg,
704,Team,Zenit Saint Petersburg,
705,Team,Lorient,
706,Team,Lille,
707,Team,Manchester City,
708,Team,Dynamo Moscow,
709,Team,Rubin Kazan,
710,Team,Pachuca,
711,Team,Parma,
712,Team,Columbus Crew,
713,Team,Manchester United,
714,Team,Galatasaray,
715,Team,Swansea City,
716,Team,Sporting CP,
717,Team,Chelsea,
718,Team,Stoke City,
719,Team,Real Madrid,
720,Team,Barcelona,
721,Team,Bayern Munich,
722,Team,Granada,
723,Team,Basel,
724,Team,Gamba Osaka,
725,Team,Gamba Osaka,
726,Team,Manchester City,
727,Team,Saprissa,
728,Team,Paris Saint-Germain,
729,Team,Cerezo Osaka,
730,Team,Kawasaki Frontale,
731,Team,Queens Park Rangers,
732,Team,Zenit Saint Petersburg,
733,Team,Dynamo Moscow,
734,Team,Internazionale,
735,Team,1860 München,
736,Team,Guizhou Renhe,
1,x,-1392.5499,
2,x,-660.82574,
3,x,-85.6025,
4,x,427.39853,
5,x,-133.68427,
6,x,2042.4272,
7,x,126.91814,
8,x,-638.503,
9,x,-1657.1593,
10,x,-712.13385,
11,x,358.25735,
12,x,-1115.8746,
13,x,2028.4565,
14,x,-341.64163,
15,x,-1380.8287,
16,x,-1268.165,
17,x,-2016.3092,
18,x,449.02316,
19,x,51.16946,
20,x,784.4289,
21,x,-1228.8892,
22,x,-1414.3739,
23,x,-1362.3624,
24,x,-1428.0071,
25,x,-1463.2527,
26,x,276.62708,
27,x,-56.50232,
28,x,-256.07828,
29,x,2120.3818,
30,x,-1643.0283,
31,x,-761.32623,
32,x,1617.3293,
33,x,-613.0529,
34,x,-1995.7101,
35,x,1910.1731,
36,x,1942.0732,
37,x,381.53027,
38,x,13.4137335,
39,x,-93.8017,
40,x,1990.1855,
41,x,1940.6577,
42,x,-733.05725,
43,x,486.66187,
44,x,130.8471,
45,x,109.97049,
46,x,108.0534,
47,x,1692.9755,
48,x,-1427.7258,
49,x,-1822.0682,
50,x,-1067.9244,
51,x,-1412.1168,
52,x,1494.2014,
53,x,1149.5178,
54,x,-968.5764,
55,x,-308.12177,
56,x,-577.6633,
57,x,63.922184,
58,x,180.96414,
59,x,193.04764,
60,x,-1293.8275,
61,x,630.80566,
62,x,819.32007,
63,x,447.86835,
64,x,-116.507996,
65,x,384.49658,
66,x,1842.1604,
67,x,1126.5564,
68,x,1126.9225,
69,x,789.175,
70,x,-1096.7728,
71,x,479.9816,
72,x,-127.8801,
73,x,1155.9982,
74,x,-844.52124,
75,x,-40.194813,
76,x,-102.573074,
77,x,2074.923,
78,x,2063.0938,
79,x,244.85414,
80,x,-170.48405,
81,x,1954.242,
82,x,472.64325,
83,x,415.3849,
84,x,484.1712,
85,x,-458.8,
86,x,-614.7038,
87,x,-108.933846,
88,x,-243.03868,
89,x,488.79492,
90,x,915.66956,
91,x,829.8172,
92,x,1616.757,
93,x,-538.8344,
94,x,870.94403,
95,x,2006.2959,
96,x,-870.7738,
97,x,-1275.9651,
98,x,1569.5697,
99,x,-687.1921,
100,x,-742.21783,
101,x,-345.68073,
102,x,-1417.159,
103,x,-2037.2489,
104,x,-2011.8602,
105,x,-775.67804,
106,x,-788.68494,
107,x,458.03027,
108,x,-1432.4459,
109,x,2214.5396,
110,x,-780.85876,
111,x,-1070.0735,
112,x,-251.59665,
113,x,514.87463,
114,x,389.42743,
115,x,-67.006065,
116,x,-375.02072,
117,x,915.553,
118,x,298.6339,
119,x,2234.7017,
120,x,-1672.2358,
121,x,-159.9744,
122,x,422.9451,
123,x,317.4282,
124,x,-193.70801,
125,x,71.69534,
126,x,742.0546,
127,x,513.1434,
128,x,2154.0825,
129,x,-272.89346,
130,x,-503.784,
131,x,-705.8994,
132,x,-291.25885,
133,x,865.13696,
134,x,860.4318,
135,x,-742.1678,
136,x,2228.9766,
137,x,1905.6099,
138,x,399.65134,
139,x,-202.59894,
140,x,-361.6232,
141,x,294.1721,
142,x,-193.00035,
143,x,-426.1968,
144,x,-294.47705,
145,x,-212.9895,
146,x,382.6164,
147,x,-317.20358,
148,x,2016.2832,
149,x,832.52924,
150,x,-916.8024,
151,x,-401.12976,
152,x,2254.471,
153,x,-821.8875,
154,x,-782.84827,
155,x,-854.8254,
156,x,776.44666,
157,x,-235.10854,
158,x,-1381.3909,
159,x,598.48517,
160,x,543.872,
161,x,526.23566,
162,x,-65.30554,
163,x,2308.558,
164,x,-946.3432,
165,x,22.544487,
166,x,-229.68459,
167,x,-32.813736,
168,x,71.02754,
169,x,-1751.0813,
170,x,1578.1974,
171,x,698.83246,
172,x,-634.9317,
173,x,-1360.7583,
174,x,-1369.3798,
175,x,-257.23795,
176,x,1653.151,
177,x,-646.4434,
178,x,1622.0984,
179,x,-567.4557,
180,x,-652.50696,
181,x,-862.32965,
182,x,416.1859,
183,x,747.8557,
184,x,1198.7845,
185,x,-109.8151,
186,x,-1680.7289,
187,x,-364.4046,
188,x,-685.56335,
189,x,-348.8911,
190,x,91.53676,
191,x,-140.449,
192,x,1992.8684,
193,x,599.24896,
194,x,-90.413765,
195,x,-1331.9408,
196,x,-347.64447,
197,x,1455.9241,
198,x,1039.7502,
199,x,311.23798,
200,x,-64.248405,
201,x,-1712.6265,
202,x,-1057.396,
203,x,553.0518,
204,x,1292.2596,
205,x,-1238.1655,
206,x,2281.05,
207,x,-262.22748,
208,x,2152.1602,
209,x,-294.9122,
210,x,420.98795,
211,x,-1064.4406,
212,x,-846.7565,
213,x,879.29755,
214,x,-331.13403,
215,x,38.159084,
216,x,-620.60266,
217,x,342.78528,
218,x,-1163.7886,
219,x,-825.1312,
220,x,508.3159,
221,x,-945.41595,
222,x,-1726.1598,
223,x,-184.13504,
224,x,-442.97876,
225,x,-1147.289,
226,x,73.75355,
227,x,-744.538,
228,x,-1762.2454,
229,x,-2058.6445,
230,x,-207.91714,
231,x,-247.65233,
232,x,12.960639,
233,x,-513.3818,
234,x,-787.85443,
235,x,-1740.3123,
236,x,-1682.2622,
237,x,206.93822,
238,x,-301.79718,
239,x,-135.52126,
240,x,-52.539005,
241,x,151.71802,
242,x,820.3439,
243,x,-1330.4204,
244,x,874.0655,
245,x,-1126.4338,
246,x,560.3703,
247,x,1942.6196,
248,x,2265.3667,
249,x,152.25356,
250,x,1469.2073,
251,x,1675.6614,
252,x,168.9661,
253,x,1659.2035,
254,x,1468.0847,
255,x,1582.3857,
256,x,-2058.4065,
257,x,405.23972,
258,x,-77.03864,
259,x,9.590389,
260,x,-228.73499,
261,x,-976.805,
262,x,-235.43576,
263,x,-217.73817,
264,x,626.25525,
265,x,821.1794,
266,x,60.45976,
267,x,-2012.4979,
268,x,1235.4569,
269,x,1158.8308,
270,x,1200.2539,
271,x,141.21535,
272,x,468.08853,
273,x,1986.3362,
274,x,-1303.4868,
275,x,-1799.6183,
276,x,-1943.8708,
277,x,-469.8896,
278,x,380.54697,
279,x,-572.6227,
280,x,-528.0018,
281,x,714.5649,
282,x,729.62537,
283,x,1189.0176,
284,x,1969.5181,
285,x,665.15576,
286,x,-570.7293,
287,x,-1030.6344,
288,x,-181.9427,
289,x,-676.12946,
290,x,1138.2103,
291,x,229.40173,
292,x,-1278.871,
293,x,-1478.4519,
294,x,-800.62396,
295,x,-2104.4573,
296,x,-1357.2412,
297,x,445.33255,
298,x,2090.495,
299,x,-294.81628,
300,x,-359.27826,
301,x,-356.225,
302,x,1073.4325,
303,x,-130.01361,
304,x,-870.14624,
305,x,-1695.5747,
306,x,2076.0352,
307,x,2105.7495,
308,x,-219.63795,
309,x,-798.6743,
310,x,2041.5525,
311,x,-726.46454,
312,x,1170.3435,
313,x,2027.0093,
314,x,884.7674,
315,x,1956.9619,
316,x,-549.74335,
317,x,-2081.5557,
318,x,-1606.5636,
319,x,-1221.5325,
320,x,-67.39274,
321,x,430.8337,
322,x,413.52197,
323,x,-426.49158,
324,x,-1599.2291,
325,x,718.188,
326,x,734.773,
327,x,313.90338,
328,x,1590.5161,
329,x,1713.397,
330,x,1240.8452,
331,x,-470.48615,
332,x,-709.12415,
333,x,-649.96454,
334,x,-1776.6962,
335,x,-212.69391,
336,x,2111.164,
337,x,540.77966,
338,x,921.6833,
339,x,57.06974,
340,x,493.59833,
341,x,729.48096,
342,x,-197.90224,
343,x,2202.928,
344,x,-225.40228,
345,x,917.89813,
346,x,461.7189,
347,x,418.20883,
348,x,-137.00108,
349,x,-1139.679,
350,x,920.4804,
351,x,1693.2894,
352,x,-342.37836,
353,x,-1678.4408,
354,x,-250.0152,
355,x,-2099.094,
356,x,1657.0046,
357,x,-2102.5596,
358,x,-1144.7311,
359,x,-198.00406,
360,x,2268.5837,
361,x,-198.39777,
362,x,-307.82147,
363,x,3.3988526,
364,x,179.9546,
365,x,866.4315,
366,x,-759.6773,
367,x,1576.5138,
368,x,-1452.1322,
369,x,-908.9095,
370,x,-683.1348,
371,x,-837.1373,
372,x,1592.682,
373,x,-888.2895,
374,x,528.5164,
375,x,627.9602,
376,x,-374.46234,
377,x,1253.4236,
378,x,2052.3333,
379,x,-3.9951146,
380,x,2030.3977,
381,x,-255.21576,
382,x,610.39655,
383,x,-33.32675,
384,x,-581.4455,
385,x,553.73175,
386,x,-563.9285,
387,x,528.2719,
388,x,2179.6377,
389,x,2085.2766,
390,x,1168.5514,
391,x,1094.6575,
392,x,1182.648,
393,x,1189.8958,
394,x,1231.2048,
395,x,1284.3221,
396,x,809.16656,
397,x,-921.22095,
398,x,297.04135,
399,x,1210.03,
400,x,1625.112,
401,x,1643.8208,
402,x,1704.107,
403,x,-51.509785,
404,x,285.16757,
405,x,1276.5813,
406,x,814.4154,
407,x,380.33423,
408,x,-542.0193,
409,x,-15.0555935,
410,x,1501.5779,
411,x,1190.9927,
412,x,1146.0409,
413,x,1296.3544,
414,x,1208.6063,
415,x,-237.56212,
416,x,125.05671,
417,x,837.3325,
418,x,-1424.9585,
419,x,-1133.2008,
420,x,464.74194,
421,x,73.68377,
422,x,-68.64961,
423,x,1712.4525,
424,x,-845.6186,
425,x,-18.416775,
426,x,1665.7246,
427,x,1610.1837,
428,x,-787.05585,
429,x,-1546.8987,
430,x,-100.21393,
431,x,-456.7165,
432,x,-410.41797,
433,x,202.08969,
434,x,-92.229225,
435,x,-1470.3363,
436,x,-278.08972,
437,x,324.35605,
438,x,672.80505,
439,x,-1315.3818,
440,x,-55.2884,
441,x,700.693,
442,x,362.29532,
443,x,-546.0523,
444,x,-406.19418,
445,x,-193.87224,
446,x,-2042.7997,
447,x,223.34402,
448,x,2171.2605,
449,x,74.62252,
450,x,-1169.2754,
451,x,-1186.1453,
452,x,253.78076,
453,x,52.757668,
454,x,301.41776,
455,x,-149.6339,
456,x,1689.1534,
457,x,-719.321,
458,x,2122.0056,
459,x,2173.8164,
460,x,-655.5912,
461,x,-21.211044,
462,x,-893.08545,
463,x,-0.6348668,
464,x,1429.7988,
465,x,730.9411,
466,x,677.74445,
467,x,2059.2344,
468,x,2135.3752,
469,x,-492.02667,
470,x,2138.549,
471,x,2056.7805,
472,x,14.882936,
473,x,44.39426,
474,x,651.62463,
475,x,607.8975,
476,x,861.9521,
477,x,2090.5696,
478,x,332.64136,
479,x,2061.1667,
480,x,444.28552,
481,x,304.86957,
482,x,272.21268,
483,x,-142.68803,
484,x,-356.0086,
485,x,486.36218,
486,x,-192.70482,
487,x,-1193.7656,
488,x,590.2084,
489,x,-1488.9634,
490,x,-388.1638,
491,x,540.3439,
492,x,1528.1024,
493,x,-1321.0677,
494,x,-1480.4698,
495,x,1894.8638,
496,x,929.35187,
497,x,1039.0459,
498,x,266.21005,
499,x,-1730.8958,
500,x,-143.01881,
501,x,2300.9563,
502,x,721.9479,
503,x,376.83282,
504,x,29.479486,
505,x,-95.68781,
506,x,2330.0725,
507,x,868.7987,
508,x,-46.63565,
509,x,-2068.7258,
510,x,-2150.149,
511,x,-552.1939,
512,x,-282.78622,
513,x,941.49945,
514,x,-271.98166,
515,x,2075.4526,
516,x,1103.221,
517,x,293.14236,
518,x,1759.8835,
519,x,-1405.2527,
520,x,577.33563,
521,x,8.893564,
522,x,-780.7014,
523,x,49.931614,
524,x,1194.7092,
525,x,-1282.9584,
526,x,-1331.139,
527,x,-730.6295,
528,x,-646.50024,
529,x,-688.3395,
530,x,864.0869,
531,x,-54.92223,
532,x,-803.9264,
533,x,368.89407,
534,x,764.12317,
535,x,-197.7674,
536,x,1633.6897,
537,x,-33.871628,
538,x,1242.7872,
539,x,-265.94672,
540,x,-1223.3152,
541,x,2198.3757,
542,x,-310.13934,
543,x,-51.68798,
544,x,770.25964,
545,x,1393.8566,
546,x,-2123.5435,
547,x,-364.28693,
548,x,-1773.5126,
549,x,1554.0684,
550,x,2292.3699,
551,x,1657.8716,
552,x,-1549.4302,
553,x,474.08282,
554,x,-854.2187,
555,x,-933.6388,
556,x,1575.4261,
557,x,1535.2936,
558,x,1428.6139,
559,x,1047.7448,
560,x,1236.0852,
561,x,1252.9922,
562,x,-226.57672,
563,x,2230.4392,
564,x,-2114.9287,
565,x,8.138252,
566,x,949.3831,
567,x,-575.7446,
568,x,-1357.9305,
569,x,-1064.4056,
570,x,2022.9941,
571,x,-652.3342,
572,x,-850.5622,
573,x,261.49197,
574,x,110.87254,
575,x,-210.36139,
576,x,-300.32303,
577,x,350.3983,
578,x,-84.25211,
579,x,292.58267,
580,x,-692.3677,
581,x,-2148.7192,
582,x,-1426.0991,
583,x,-93.51011,
584,x,2011.6289,
585,x,-1459.3608,
586,x,-481.02625,
587,x,-83.15391,
588,x,2309.6873,
589,x,-176.20541,
590,x,457.3916,
591,x,-934.9327,
592,x,-2167.434,
593,x,-515.2749,
594,x,-28.49823,
595,x,-1613.8063,
596,x,3.861307,
597,x,-132.04297,
598,x,2037.9062,
599,x,1912.5083,
600,x,-991.71326,
601,x,-699.53125,
602,x,-71.65908,
603,x,-64.72023,
604,x,-65.83039,
605,x,-1375.4896,
606,x,425.40573,
607,x,-20.128693,
608,x,-1056.1539,
609,x,1525.8236,
610,x,84.8047,
611,x,605.1841,
612,x,-624.76385,
613,x,922.5167,
614,x,479.21454,
615,x,1436.8522,
616,x,-149.7628,
617,x,2341.1836,
618,x,-743.5818,
619,x,-770.5219,
620,x,2185.5203,
621,x,392.33093,
622,x,133.34747,
623,x,147.37221,
624,x,-386.4237,
625,x,-665.6252,
626,x,341.5248,
627,x,207.89883,
628,x,406.61176,
629,x,-670.40643,
630,x,-524.84265,
631,x,-1233.4976,
632,x,565.81647,
633,x,1107.5244,
634,x,-52.670105,
635,x,1178.5911,
636,x,921.65936,
637,x,1235.9749,
638,x,467.3826,
639,x,471.92194,
640,x,-1314.4222,
641,x,-1292.9913,
642,x,-986.27966,
643,x,-999.5799,
644,x,-838.31433,
645,x,-1110.6039,
646,x,282.65262,
647,x,873.3198,
648,x,459.89215,
649,x,18.686876,
650,x,757.8243,
651,x,727.42017,
652,x,-839.6357,
653,x,-183.16594,
654,x,-491.45493,
655,x,-1244.9492,
656,x,1506.5099,
657,x,570.6759,
658,x,1048.6976,
659,x,967.54407,
660,x,1427.7283,
661,x,67.66878,
662,x,284.887,
663,x,44.785976,
664,x,502.8429,
665,x,10.2854805,
666,x,1978.9785,
667,x,-855.4899,
668,x,-159.6521,
669,x,-333.2818,
670,x,435.759,
671,x,531.5453,
672,x,-811.0555,
673,x,966.41876,
674,x,1527.9011,
675,x,60.09504,
676,x,-361.46573,
677,x,-784.1882,
678,x,396.2324,
679,x,-482.76413,
680,x,2114.505,
681,x,597.101,
682,x,749.57495,
683,x,803.35706,
684,x,1264.119,
685,x,-719.4183,
686,x,2165.0227,
687,x,364.47653,
688,x,1221.8553,
689,x,774.47,
690,x,73.72464,
691,x,-33.31396,
692,x,93.94299,
693,x,-152.94186,
694,x,1602.7228,
695,x,-1323.1439,
696,x,1423.1809,
697,x,1011.34985,
698,x,-415.4615,
699,x,-504.1157,
700,x,1542.3271,
701,x,-760.3384,
702,x,-114.12856,
703,x,-584.53986,
704,x,-1257.4415,
705,x,458.34485,
706,x,-105.49051,
707,x,-575.3739,
708,x,-1378.1497,
709,x,209.43652,
710,x,-1792.0483,
711,x,-40.095936,
712,x,2350.4897,
713,x,-356.85434,
714,x,805.6672,
715,x,607.71,
716,x,-772.3611,
717,x,-440.73843,
718,x,1475.9537,
719,x,-899.6201,
720,x,-1013.3928,
721,x,141.7251,
722,x,-1176.7251,
723,x,110.022545,
724,x,785.91925,
725,x,772.3632,
726,x,251.69077,
727,x,2354.9373,
728,x,-73.94801,
729,x,646.941,
730,x,717.32806,
731,x,1131.6682,
732,x,-1301.0415,
733,x,-1464.4825,
734,x,395.00394,
735,x,806.69904,
736,x,1277.4697,
1,y,1124.1614,
2,y,1009.18976,
3,y,-6.6782646,
4,y,1398.1719,
5,y,-732.50476,
6,y,-579.6042,
7,y,115.84123,
8,y,-663.07904,
9,y,-645.2429,
10,y,1053.3159,
11,y,1238.4801,
12,y,250.34308,
13,y,1067.9126,
14,y,-1640.5049,
15,y,1169.2931,
16,y,-1469.7052,
17,y,442.13663,
18,y,1183.7205,
19,y,883.6703,
20,y,-1547.6515,
21,y,-1267.067,
22,y,-1377.2596,
23,y,-1347.75,
24,y,-1427.2177,
25,y,-1376.6138,
26,y,826.51605,
27,y,-825.3445,
28,y,56.990772,
29,y,-724.748,
30,y,-689.7502,
31,y,1152.3298,
32,y,542.81915,
33,y,828.08685,
34,y,401.94843,
35,y,1066.8309,
36,y,1034.9001,
37,y,285.77576,
38,y,-43.777435,
39,y,34.243332,
40,y,1052.6255,
41,y,1114.8914,
42,y,266.987,
43,y,1226.3735,
44,y,-528.93024,
45,y,937.16266,
46,y,870.1171,
47,y,475.92816,
48,y,-1522.6016,
49,y,449.03262,
50,y,-187.44284,
51,y,-1477.2361,
52,y,-1172.4867,
53,y,-490.41513,
54,y,161.48494,
55,y,744.399,
56,y,-888.84265,
57,y,-173.65816,
58,y,574.7693,
59,y,758.9299,
60,y,-612.48834,
61,y,-143.44237,
62,y,-1520.0212,
63,y,-798.1806,
64,y,1233.55,
65,y,1385.8724,
66,y,978.62915,
67,y,-529.6863,
68,y,-656.7364,
69,y,479.11423,
70,y,332.52386,
71,y,42.06589,
72,y,-1587.7189,
73,y,-446.01266,
74,y,-894.0247,
75,y,-1612.7229,
76,y,-365.21664,
77,y,-613.972,
78,y,1033.574,
79,y,-373.98276,
80,y,-869.56903,
81,y,-623.5981,
82,y,-229.06421,
83,y,99.65612,
84,y,273.5127,
85,y,-206.65053,
86,y,392.89618,
87,y,-90.56801,
88,y,290.13797,
89,y,-907.9203,
90,y,-1565.8953,
91,y,-1411.8826,
92,y,-1172.5592,
93,y,183.03185,
94,y,71.02484,
95,y,332.36353,
96,y,1102.7423,
97,y,1205.1012,
98,y,-1167.269,
99,y,1106.8958,
100,y,1199.1262,
101,y,1473.0652,
102,y,-636.35205,
103,y,386.77597,
104,y,347.69363,
105,y,1232.4089,
106,y,1186.096,
107,y,113.75822,
108,y,1140.2423,
109,y,283.79788,
110,y,-518.6595,
111,y,-271.46603,
112,y,1476.4546,
113,y,203.30963,
114,y,-827.5475,
115,y,-1575.516,
116,y,-737.6564,
117,y,-1512.6752,
118,y,1290.5527,
119,y,376.9046,
120,y,-885.3366,
121,y,40.993885,
122,y,-364.46622,
123,y,794.25037,
124,y,1267.7544,
125,y,813.5998,
126,y,-1547.4186,
127,y,-809.9959,
128,y,199.01004,
129,y,-76.41096,
130,y,1159.0504,
131,y,163.73811,
132,y,1453.383,
133,y,-4.895512,
134,y,-1509.4606,
135,y,-271.698,
136,y,327.5744,
137,y,955.88916,
138,y,1199.5255,
139,y,-933.40094,
140,y,-626.74445,
141,y,656.48535,
142,y,612.0998,
143,y,636.2631,
144,y,-689.56665,
145,y,-416.65964,
146,y,41.81477,
147,y,580.4689,
148,y,-666.32526,
149,y,28.84025,
150,y,-469.95193,
151,y,-483.5873,
152,y,256.6007,
153,y,1214.6177,
154,y,-359.3023,
155,y,-313.94424,
156,y,-1500.7616,
157,y,422.88907,
158,y,-1518.6675,
159,y,-735.1734,
160,y,-767.347,
161,y,-881.0933,
162,y,256.20117,
163,y,341.58264,
164,y,-379.19135,
165,y,32.103252,
166,y,-28.488848,
167,y,-13.457554,
168,y,37.87593,
169,y,432.33847,
170,y,570.63684,
171,y,-15.171172,
172,y,-895.1274,
173,y,1211.4519,
174,y,-1467.8458,
175,y,568.68097,
176,y,-1192.2112,
177,y,-473.2636,
178,y,-1283.4814,
179,y,-819.40875,
180,y,328.93912,
181,y,1190.2361,
182,y,196.34885,
183,y,-487.7818,
184,y,-465.6674,
185,y,97.26505,
186,y,-523.78754,
187,y,586.62573,
188,y,299.7952,
189,y,1339.4359,
190,y,-1502.4221,
191,y,-11.467088,
192,y,1102.4463,
193,y,588.35046,
194,y,-1613.6277,
195,y,1124.3699,
196,y,-15.025993,
197,y,-1104.4338,
198,y,-336.38666,
199,y,1367.9753,
200,y,-1362.0144,
201,y,-633.4451,
202,y,279.50247,
203,y,-438.38715,
204,y,-362.45374,
205,y,1250.7357,
206,y,393.73032,
207,y,1531.8533,
208,y,-634.9465,
209,y,1499.1805,
210,y,149.03363,
211,y,219.37395,
212,y,254.65596,
213,y,-1453.8761,
214,y,1411.2639,
215,y,161.5354,
216,y,152.43254,
217,y,88.49571,
218,y,887.72974,
219,y,1158.5756,
220,y,1362.8381,
221,y,329.4419,
222,y,-587.78546,
223,y,1490.4882,
224,y,-336.2658,
225,y,214.82018,
226,y,-37.71824,
227,y,-446.911,
228,y,-617.66486,
229,y,342.12747,
230,y,1451.4407,
231,y,-855.8526,
232,y,-928.6838,
233,y,-260.2743,
234,y,1018.71765,
235,y,-668.11096,
236,y,-719.3627,
237,y,845.00073,
238,y,-918.2849,
239,y,1534.2073,
240,y,-56.373035,
241,y,158.9506,
242,y,-1464.1147,
243,y,-1544.3962,
244,y,135.79485,
245,y,-326.65405,
246,y,-680.46234,
247,y,1184.3281,
248,y,299.92572,
249,y,824.18774,
250,y,587.92706,
251,y,562.7533,
252,y,898.16156,
253,y,651.7564,
254,y,290.17197,
255,y,615.66473,
256,y,426.69418,
257,y,-662.28076,
258,y,-917.1485,
259,y,-1597.5946,
260,y,213.29607,
261,y,255.482,
262,y,1571.7034,
263,y,655.73315,
264,y,448.10638,
265,y,-1568.8907,
266,y,205.48042,
267,y,495.58713,
268,y,1551.8241,
269,y,1599.3705,
270,y,-418.55362,
271,y,262.27655,
272,y,1387.6926,
273,y,1189.6459,
274,y,1254.4517,
275,y,372.85077,
276,y,364.62497,
277,y,192.226,
278,y,174.65756,
279,y,-84.16057,
280,y,-15.909561,
281,y,462.32593,
282,y,516.7272,
283,y,1491.9882,
284,y,1144.5435,
285,y,571.1557,
286,y,230.924,
287,y,363.07056,
288,y,-259.68008,
289,y,-547.05255,
290,y,1544.5535,
291,y,946.202,
292,y,-1521.6796,
293,y,-1427.1252,
294,y,-169.28741,
295,y,342.27985,
296,y,1056.6638,
297,y,-874.95105,
298,y,-571.4816,
299,y,494.7712,
300,y,645.7861,
301,y,503.76892,
302,y,-468.65955,
303,y,-811.2897,
304,y,947.02435,
305,y,-675.85455,
306,y,1075.6108,
307,y,-645.33295,
308,y,-778.5797,
309,y,1094.4689,
310,y,-703.14703,
311,y,-735.5794,
312,y,-544.8657,
313,y,-621.23444,
314,y,31.967285,
315,y,1077.9049,
316,y,-388.08502,
317,y,384.58026,
318,y,123.67082,
319,y,91.23916,
320,y,1286.5491,
321,y,257.74985,
322,y,-756.9924,
323,y,-267.58475,
324,y,-622.97186,
325,y,97.2607,
326,y,-1356.2697,
327,y,-414.42447,
328,y,-1207.1145,
329,y,-1049.3608,
330,y,1492.1494,
331,y,-271.38748,
332,y,410.8603,
333,y,448.82736,
334,y,-531.8545,
335,y,-704.6478,
336,y,365.17755,
337,y,139.58159,
338,y,59.578938,
339,y,323.02927,
340,y,1298.41,
341,y,-1409.5938,
342,y,-1324.3247,
343,y,222.98761,
344,y,1509.603,
345,y,-45.654217,
346,y,1342.4531,
347,y,1351.9128,
348,y,-918.78546,
349,y,-237.86505,
350,y,7.368482,
351,y,-1172.8019,
352,y,145.54729,
353,y,-602.871,
354,y,1428.506,
355,y,287.12247,
356,y,513.2496,
357,y,434.67215,
358,y,286.0747,
359,y,-82.70489,
360,y,346.56885,
361,y,1545.6372,
362,y,1544.147,
363,y,-1540.3546,
364,y,206.55292,
365,y,-1353.6399,
366,y,893.11926,
367,y,-1044.397,
368,y,-446.39807,
369,y,1006.1945,
370,y,1184.008,
371,y,-428.5978,
372,y,-1250.384,
373,y,-365.17215,
374,y,-263.55563,
375,y,-1176.4528,
376,y,-336.27332,
377,y,1593.7097,
378,y,457.91708,
379,y,-1656.1483,
380,y,1187.764,
381,y,-165.30316,
382,y,750.20026,
383,y,-1484.3856,
384,y,-583.9621,
385,y,-380.0992,
386,y,-964.3166,
387,y,1086.7677,
388,y,330.61267,
389,y,1118.5546,
390,y,1424.8241,
391,y,1613.0087,
392,y,1681.8923,
393,y,1559.8545,
394,y,1679.3086,
395,y,1556.8948,
396,y,91.84488,
397,y,-304.28424,
398,y,-918.4601,
399,y,1383.6355,
400,y,590.2659,
401,y,458.0363,
402,y,623.1121,
403,y,-1656.867,
404,y,1193.1697,
405,y,1652.845,
406,y,-1616.4198,
407,y,127.532715,
408,y,-660.84076,
409,y,-387.5162,
410,y,504.68384,
411,y,1637.5756,
412,y,1647.9602,
413,y,1607.5996,
414,y,1598.109,
415,y,-998.078,
416,y,766.19403,
417,y,-102.88975,
418,y,1185.58,
419,y,55.981808,
420,y,157.333,
421,y,-313.17633,
422,y,680.98474,
423,y,526.83075,
424,y,161.40001,
425,y,-111.03686,
426,y,-1263.9408,
427,y,-1129.5691,
428,y,-14.597502,
429,y,-441.0774,
430,y,-246.37468,
431,y,-142.2136,
432,y,416.6111,
433,y,-446.2755,
434,y,-688.88574,
435,y,1180.3844,
436,y,-249.45703,
437,y,1417.5355,
438,y,505.12762,
439,y,-1323.4706,
440,y,-503.5874,
441,y,617.4117,
442,y,-299.95224,
443,y,-181.72266,
444,y,695.72943,
445,y,1188.147,
446,y,288.54993,
447,y,798.16846,
448,y,406.7075,
449,y,597.4002,
450,y,359.3405,
451,y,246.04404,
452,y,886.26984,
453,y,247.96585,
454,y,-338.43552,
455,y,325.6033,
456,y,-1223.153,
457,y,1256.8893,
458,y,-604.5107,
459,y,-588.3221,
460,y,-756.77374,
461,y,343.79504,
462,y,82.947815,
463,y,1.9825428,
464,y,-1179.9895,
465,y,583.1111,
466,y,664.5135,
467,y,1154.0554,
468,y,-676.93585,
469,y,654.4242,
470,y,-562.8361,
471,y,-519.5844,
472,y,-313.20358,
473,y,-119.345985,
474,y,-893.97076,
475,y,-421.7086,
476,y,-1604.1628,
477,y,-687.9733,
478,y,846.05145,
479,y,-656.2603,
480,y,-312.17847,
481,y,920.4894,
482,y,763.70386,
483,y,1330.8896,
484,y,1526.6892,
485,y,-849.3238,
486,y,101.33695,
487,y,294.7356,
488,y,305.84305,
489,y,-533.33093,
490,y,-99.59259,
491,y,427.26245,
492,y,-1100.3427,
493,y,1173.3302,
494,y,1115.9075,
495,y,1109.2692,
496,y,119.25908,
497,y,-418.09897,
498,y,-466.70053,
499,y,-727.36395,
500,y,-1634.2734,
501,y,256.13895,
502,y,-1477.4308,
503,y,1298.3724,
504,y,282.8444,
505,y,-1656.3585,
506,y,379.5474,
507,y,-56.305706,
508,y,-207.56238,
509,y,475.15393,
510,y,351.6338,
511,y,364.91592,
512,y,1583.4946,
513,y,-1436.3448,
514,y,685.1374,
515,y,-732.8337,
516,y,-385.46555,
517,y,-267.2075,
518,y,-484.94678,
519,y,1223.2103,
520,y,1315.1465,
521,y,-207.08623,
522,y,-765.0794,
523,y,-364.4847,
524,y,-510.00156,
525,y,861.7018,
526,y,965.7551,
527,y,-798.0246,
528,y,40.378365,
529,y,-195.97823,
530,y,-1556.7881,
531,y,16.616009,
532,y,-951.1398,
533,y,227.7929,
534,y,266.0992,
535,y,532.7603,
536,y,-1230.4397,
537,y,-1294.2328,
538,y,-442.58514,
539,y,620.2862,
540,y,-1368.6674,
541,y,-627.18024,
542,y,653.3941,
543,y,-320.77396,
544,y,-1596.3325,
545,y,576.5566,
546,y,394.2029,
547,y,-412.46796,
548,y,-705.2896,
549,y,-1285.4417,
550,y,190.47668,
551,y,-1139.4136,
552,y,-719.534,
553,y,-965.51855,
554,y,1249.3016,
555,y,24.648056,
556,y,522.7162,
557,y,466.857,
558,y,635.1239,
559,y,1576.756,
560,y,1634.4038,
561,y,1424.8129,
562,y,-327.5888,
563,y,179.53189,
564,y,482.15585,
565,y,94.4195,
566,y,201.00778,
567,y,-298.09418,
568,y,-1289.3833,
569,y,-381.13626,
570,y,1015.42993,
571,y,226.08397,
572,y,-89.60556,
573,y,-532.3377,
574,y,-1595.627,
575,y,-1046.034,
576,y,-774.0247,
577,y,-483.03665,
578,y,385.70135,
579,y,67.772385,
580,y,355.65155,
581,y,446.013,
582,y,1266.2908,
583,y,-985.4643,
584,y,1143.9183,
585,y,1229.282,
586,y,-469.71396,
587,y,-1703.9006,
588,y,299.45453,
589,y,-169.91304,
590,y,1442.739,
591,y,-101.35684,
592,y,400.85532,
593,y,255.22029,
594,y,-252.28802,
595,y,-545.05145,
596,y,248.17929,
597,y,-1684.2073,
598,y,1109.297,
599,y,1151.8527,
600,y,419.20453,
601,y,481.92715,
602,y,197.11438,
603,y,-747.43665,
604,y,-421.9733,
605,y,1263.6211,
606,y,-117.8186,
607,y,28.408825,
608,y,433.82733,
609,y,-1042.1475,
610,y,279.10205,
611,y,-360.4882,
612,y,-965.3788,
613,y,-99.8845,
614,y,-376.45038,
615,y,-978.24146,
616,y,-1043.2092,
617,y,210.36285,
618,y,322.5777,
619,y,432.82077,
620,y,-671.7802,
621,y,-927.2915,
622,y,646.7461,
623,y,-251.96838,
624,y,741.6884,
625,y,-835.4098,
626,y,155.85918,
627,y,-77.141884,
628,y,1441.4194,
629,y,-383.8588,
630,y,1069.8534,
631,y,1029.0317,
632,y,-858.44836,
633,y,-303.29904,
634,y,55.847183,
635,y,-598.751,
636,y,-424.2279,
637,y,-497.09393,
638,y,-653.70386,
639,y,-746.91907,
640,y,-1444.7848,
641,y,-1369.3878,
642,y,70.57652,
643,y,-234.1426,
644,y,-237.33427,
645,y,391.88278,
646,y,314.0348,
647,y,703.759,
648,y,-438.27008,
649,y,-1408.742,
650,y,624.09985,
651,y,656.2659,
652,y,400.2162,
653,y,697.412,
654,y,-919.83154,
655,y,1115.6299,
656,y,339.67212,
657,y,-908.82056,
658,y,1445.7692,
659,y,46.134007,
660,y,531.81995,
661,y,456.67883,
662,y,226.59521,
663,y,-265.3774,
664,y,1418.3192,
665,y,206.53181,
666,y,1007.8008,
667,y,-553.74506,
668,y,-980.6687,
669,y,696.163,
670,y,1263.3812,
671,y,-936.86206,
672,y,1271.3983,
673,y,-4.162721,
674,y,552.6124,
675,y,671.3873,
676,y,-169.68611,
677,y,-694.4416,
678,y,-434.3364,
679,y,-771.15424,
680,y,-511.01007,
681,y,-1458.6305,
682,y,-122.823105,
683,y,-1282.8247,
684,y,-534.24,
685,y,-665.748,
686,y,-713.54254,
687,y,-371.89417,
688,y,-554.841,
689,y,733.8078,
690,y,117.78337,
691,y,-1701.1675,
692,y,165.77863,
693,y,233.43562,
694,y,488.25735,
695,y,-1494.2708,
696,y,425.1927,
697,y,-507.73672,
698,y,539.5565,
699,y,-310.5912,
700,y,-1230.5049,
701,y,1293.0891,
702,y,-1433.1643,
703,y,300.7302,
704,y,-1320.7031,
705,y,202.27162,
706,y,-1519.4764,
707,y,-726.92163,
708,y,-1417.719,
709,y,1057.448,
710,y,-657.5009,
711,y,145.01854,
712,y,280.31845,
713,y,-834.0883,
714,y,-40.132378,
715,y,-803.1463,
716,y,375.09537,
717,y,-410.8239,
718,y,-1233.8828,
719,y,-193.28745,
720,y,-319.86545,
721,y,12.289529,
722,y,1144.9346,
723,y,216.66074,
724,y,586.32904,
725,y,672.5744,
726,y,-758.7758,
727,y,330.56363,
728,y,-145.80449,
729,y,622.23926,
730,y,699.96234,
731,y,1494.4373,
732,y,-1265.7511,
733,y,-1475.7117,
734,y,607.5659,
735,y,633.54565,
736,y,-479.12265,
